Name,Set code,Set name,Collector number,Foil,Rarity,Quantity,ManaBox ID,Scryfall ID,Purchase price,Misprint,Altered,Condition,Language,Purchase price currency
"Kroxa, Titan of Death's Hunger",THB,Theros Beyond Death,221,normal,mythic,1,46841,cee0459b-9aac-4d2f-abe4-4d5fedde7eb8,192.44,false,false,near_mint,ru,RUB
"Klothys, God of Destiny",THB,Theros Beyond Death,220,normal,mythic,1,46842,5b3c393c-3596-4bd9-a553-e0b03c2eb950,172.03,false,false,near_mint,ru,RUB
"Emry, Lurker of the Loch",NEC,Neon Dynasty Commander,91,normal,rare,1,66985,20fec02d-77af-4975-b410-7097c7c28e7e,202.16,false,false,near_mint,ru,RUB
Treeshaker Chimera,NCC,New Capenna Commander,318,normal,rare,1,68238,5f73b249-be19-4a51-8759-648a2f122e6d,25.27,false,false,near_mint,ru,RUB
Terror of Mount Velus,FDN,Foundations,549,normal,rare,1,101500,3959a6c7-d615-4524-b94d-65f4164a2656,156.48,false,false,near_mint,ru,RUB
Arasta of the Endless Web,BLC,Bloomburrow Commander,205,normal,rare,1,96331,6dda8d6b-fd31-4908-a953-20c180a33e56,25.27,false,false,near_mint,ru,RUB
"Feather, the Redeemed",WAR,War of the Spark,197,normal,rare,1,44207,e4a2d2c6-8eaa-4760-b620-921b807baa2e,71.92,false,false,near_mint,ru,RUB
Gallia of the Endless Dance,THB,Theros Beyond Death,217,normal,rare,1,46845,0744f08e-a588-4efe-ad56-5e9ed91dda40,14.58,false,false,near_mint,ru,RUB
Victory's Envoy,MIC,Midnight Hunt Commander,96,normal,rare,1,63672,b9fd4bad-0227-484d-ba48-4e7f75bb804d,21.38,false,false,near_mint,ru,RUB
"Atris, Oracle of Half-Truths",THB,Theros Beyond Death,209,normal,rare,1,46853,db6c91ec-df14-460f-967c-f182562fe7d8,9.72,false,false,near_mint,ru,RUB
Glint-Horn Buccaneer,M20,Core Set 2020,141,normal,rare,1,45320,df2df9cb-14f5-470f-b438-20f4ae8d0d59,301.3,false,false,near_mint,ru,RUB
Eat to Extinction,THB,Theros Beyond Death,90,normal,rare,1,46972,a0fae55a-6edd-42ea-b909-ccc39a64a0ed,10.69,false,false,near_mint,ru,RUB
Nyx Lotus,THB,Theros Beyond Death,235,normal,rare,1,46827,5bd6353f-d119-40e6-895c-030a11a7a2fe,526.79,false,false,near_mint,ru,RUB
"Dalakos, Crafter of Wonders",THB,Theros Beyond Death,212,foil,rare,1,46850,57ea0ba2-3ccf-4313-ad1d-161272c48851,43.74,false,false,near_mint,ru,RUB
Ashiok's Erasure,THB,Theros Beyond Death,43,normal,rare,1,47019,d568c679-8421-4184-a73c-b18c4164fea5,10.69,false,false,near_mint,ru,RUB
Archon of Sun's Grace,WOC,Wilds of Eldraine Commander,61,normal,rare,1,85354,3c00d4e6-1922-4b18-b3f7-af868b058913,167.17,false,false,near_mint,ru,RUB
"Dalakos, Crafter of Wonders",THB,Theros Beyond Death,212,normal,rare,1,46850,57ea0ba2-3ccf-4313-ad1d-161272c48851,26.24,false,false,near_mint,ru,RUB
Shatter the Sky,THB,Theros Beyond Death,37,normal,rare,1,47025,b706977b-db8e-4810-882d-ed3745404489,27.21,false,false,near_mint,ru,RUB
Elspeth Conquers Death,THB,Theros Beyond Death,13,normal,rare,1,47049,ea20208b-1939-4c69-8cfd-c0a42f9dc427,46.65,false,false,near_mint,ru,RUB
Field of Ruin,THB,Theros Beyond Death,242,normal,uncommon,1,46820,3e84e179-9d59-4d08-8a36-51ad2fc32ae3,19.44,false,false,near_mint,ru,RUB
Claim the Firstborn,ELD,Throne of Eldraine,118,normal,uncommon,1,46220,feaf1e6c-c7d9-4ac7-9aeb-c4b5d61548ec,6.8,false,false,near_mint,ru,RUB
"Daxos, Blessed by the Sun",THB,Theros Beyond Death,9,normal,uncommon,1,47053,0fd2adb3-a6f4-448e-af2a-15ca92b1de63,15.55,false,false,near_mint,ru,RUB
"Syr Faren, the Hengehammer",ELD,Throne of Eldraine,177,normal,uncommon,1,46161,9a8b1fea-3c5d-43d2-b4d2-e8938f3f7b9c,6.8,false,false,near_mint,ru,RUB
The Binding of the Titans,CMM,Commander Masters,886,normal,uncommon,1,84145,22c03969-db08-4af3-8c83-b13750e8b20a,10.69,false,false,near_mint,ru,RUB
Gods Willing,CLU,Ravnica: Clue Edition,63,normal,common,1,90671,138f0e49-71d5-4582-92be-797e753f0f42,6.8,false,false,near_mint,ru,RUB
"Siona, Captain of the Pyleas",WOC,Wilds of Eldraine Commander,144,normal,uncommon,1,85604,9adb1528-dc72-4ec7-bcb4-a043bcd8d9d2,5.83,false,false,near_mint,ru,RUB
Mischievous Chimera,THB,Theros Beyond Death,223,normal,uncommon,1,46839,f8a3df0e-4ee8-458b-adf5-56aca20493e9,7.78,false,false,near_mint,ru,RUB
Bloodsoaked Altar,M20,Core Set 2020,90,normal,uncommon,1,45371,b9169431-a5b1-42ea-bcf4-6c750d2a2dbb,2.92,false,false,near_mint,ru,RUB
"Tymaret, Chosen from Death",THB,Theros Beyond Death,119,normal,uncommon,1,46943,14b28eae-e8ed-4b99-b6ec-86d0716ec473,7.78,false,false,near_mint,ru,RUB
Sage of Mysteries,THB,Theros Beyond Death,62,normal,uncommon,1,47000,4138fd65-e0c3-42a1-9c0d-4d5f20228b55,4.86,false,false,near_mint,ru,RUB
Escape Velocity,THB,Theros Beyond Death,132,normal,uncommon,1,46930,90c2a3da-2458-4921-8574-9eb9d5925ae8,1.94,false,false,near_mint,ru,RUB
Treacherous Blessing,THB,Theros Beyond Death,117,normal,rare,1,46945,35b3ad6b-9966-489f-a4c9-2639a634fd62,21.38,false,false,near_mint,ru,RUB
Threnody Singer,THB,Theros Beyond Death,75,normal,uncommon,1,46987,242cdffb-5037-4d49-b194-4b60274a8758,3.89,false,false,near_mint,ru,RUB
Sea God's Scorn,THB,Theros Beyond Death,63,normal,uncommon,1,46999,9504dc26-f5d8-4b9d-9eb1-51a12b893beb,3.89,false,false,near_mint,ru,RUB
"Grumgully, the Generous",BLC,Bloomburrow Commander,253,normal,uncommon,1,96478,d8d7ac51-450e-473e-93e1-3fa9b3b6e2d4,4.86,false,false,near_mint,ru,RUB
Emergence Zone,WAR,War of the Spark,245,normal,uncommon,1,44159,ab95f6e7-b806-47fe-a071-6c38b3176d94,173.98,false,false,near_mint,ru,RUB
Phalanx Tactics,THB,Theros Beyond Death,31,normal,uncommon,1,47031,5f114a10-0b00-4f3a-bd73-d4c791fbf4d5,2.92,false,false,near_mint,ru,RUB
"Anax, Hardened in the Forge",CMM,Commander Masters,204,normal,uncommon,1,84740,ad107ae0-2540-46f8-9970-72983b87ba04,8.75,false,false,near_mint,ru,RUB
Lagonna-Band Storyteller,THB,Theros Beyond Death,27,normal,uncommon,1,47035,c3a87498-2c2c-411a-aa71-d594b2c6cb26,2.92,false,false,near_mint,ru,RUB
Slaying Fire,ELD,Throne of Eldraine,143,normal,uncommon,1,46195,83b5b110-c430-4ffe-9fc1-8e6987f52d1e,4.86,false,false,near_mint,ru,RUB
Burning-Yard Trainer,ELD,Throne of Eldraine,117,normal,uncommon,1,46221,17755d1b-3a56-4362-a534-85b35ceb1802,3.89,false,false,near_mint,ru,RUB
"Renata, Called to the Hunt",THB,Theros Beyond Death,196,normal,uncommon,1,46866,2b27e6b2-13ad-42b2-a121-70935913723d,17.49,false,false,near_mint,ru,RUB
Nessian Wanderer,CMM,Commander Masters,905,normal,uncommon,1,84105,1a4789a2-f201-4b05-954d-527d169de091,15.55,false,false,near_mint,ru,RUB
"Arlinn, Voice of the Pack",WAR,War of the Spark,150,normal,uncommon,1,44254,5391d2f1-e8d3-4d39-98cf-367888e10534,20.41,false,false,near_mint,ru,RUB
Wolfwillow Haven,BLC,Bloomburrow Commander,246,normal,uncommon,1,96367,8506e3eb-07c1-4f5c-a2a7-c210acf6be16,7.78,false,false,near_mint,ru,RUB
Steelclaw Lance,ELD,Throne of Eldraine,202,normal,uncommon,1,46136,cafcf909-d726-4bc2-adf6-c12ca242f0c1,2.92,false,false,near_mint,ru,RUB
The Birth of Meletis,THB,Theros Beyond Death,5,normal,uncommon,1,47057,d824f8bd-58f8-4796-80b5-5cd3033d35e8,14.58,false,false,near_mint,ru,RUB
Challenger Troll,CLU,Ravnica: Clue Edition,159,normal,uncommon,1,90636,087b6745-0b3c-428c-b5b2-7639fa30f8f5,9.72,false,false,near_mint,ru,RUB
Commanding Presence,THB,Theros Beyond Death,7,normal,uncommon,1,47055,24e2f681-918e-4f1f-afb1-0f9587c0d7bf,8.75,false,false,near_mint,ru,RUB
Maraleaf Pixie,ELD,Throne of Eldraine,196,normal,uncommon,1,46142,e6d7f9c9-dd83-4684-a949-1c22f316138a,10.69,false,false,near_mint,ru,RUB
Destiny Spinner,WOC,Wilds of Eldraine Commander,123,normal,uncommon,1,85735,cfcde60c-7dbf-41e1-98c5-7be993913a84,354.76,false,false,near_mint,ru,RUB
Favored of Iroas,THB,Theros Beyond Death,15,normal,uncommon,1,47047,f09e7aff-d873-4420-b0d5-1c63d686dd73,5.83,false,false,near_mint,ru,RUB
"Callaphe, Beloved of the Sea",THB,Theros Beyond Death,45,normal,uncommon,1,47017,c5d433f2-0a3b-4f45-83a3-ed600a6d10b1,16.52,false,false,near_mint,ru,RUB
Dreamshaper Shaman,2X2,Double Masters 2022,108,normal,uncommon,1,70471,c11f5d27-37f3-430a-833c-84e249b5e744,7.78,false,false,near_mint,ru,RUB
Hero of the Nyxborn,THB,Theros Beyond Death,219,normal,uncommon,1,46843,9854e673-1816-4a76-b9db-bb399ac7489f,4.86,false,false,near_mint,ru,RUB
Shepherd of the Flock // Usher to Safety,ELD,Throne of Eldraine,28,normal,uncommon,1,46310,c0b4f0ce-0d18-4546-803d-94a2f4f30951,7.78,false,false,near_mint,ru,RUB
Skophos Maze-Warden,THB,Theros Beyond Death,153,normal,uncommon,1,46909,0f470a7b-63ef-4efa-855e-f8a3ce1ab534,5.83,false,false,near_mint,ru,RUB
Hydra's Growth,THB,Theros Beyond Death,172,normal,uncommon,1,46890,5112ee2a-a6f3-4280-a915-000a97a9cdef,245.9,false,false,near_mint,ru,RUB
Hero of the Winds,THB,Theros Beyond Death,23,normal,uncommon,1,47039,7da95097-dbe7-416a-8571-6ab6d88a531a,1.94,false,false,near_mint,ru,RUB
Fateful End,THB,Theros Beyond Death,133,normal,uncommon,1,46929,56455067-92c0-45b5-ac2e-525c35b41215,1.94,false,false,near_mint,ru,RUB
"Daxos, Blessed by the Sun",THB,Theros Beyond Death,258,foil,uncommon,1,46804,f5770e8a-045d-42bc-b6aa-17b89488c9d4,26.24,false,false,near_mint,ru,RUB
Stinging Lionfish,THB,Theros Beyond Death,69,foil,uncommon,1,46993,0162a0b8-a2d1-4664-a445-331aee6d5175,16.52,false,false,near_mint,ru,RUB
Burning-Yard Trainer,ELD,Throne of Eldraine,117,foil,uncommon,1,46221,17755d1b-3a56-4362-a534-85b35ceb1802,7.78,false,false,near_mint,ru,RUB
"Syr Alin, the Lion's Claw",FDN,Foundations,582,normal,uncommon,1,100556,5d42be5f-a6a7-4699-abf7-9632de6daede,12.64,false,false,near_mint,ru,RUB
Wintermoor Commander,MOC,March of the Machine Commander,345,normal,uncommon,1,81627,414a25b5-2b4f-4935-8564-4b507db12dbc,8.75,false,false,near_mint,ru,RUB
Heroes of the Revel,THB,Theros Beyond Death,138,normal,uncommon,1,46924,dfdfb481-3446-42f4-a1c3-a88b69f2189a,2.92,false,false,near_mint,ru,RUB
Impending Doom,THB,Theros Beyond Death,139,normal,uncommon,1,46923,5681db91-5dab-41e6-96f2-275ec9495e5b,2.92,false,false,near_mint,ru,RUB
Furious Rise,CMM,Commander Masters,225,normal,uncommon,1,84129,1f5da1ab-d720-4140-8121-89de760d020c,2.92,false,false,near_mint,ru,RUB
Cryptic Caves,FDN,Foundations,686,normal,uncommon,1,100943,a7976098-b560-458a-ad3c-18f7873add21,8.75,false,false,near_mint,ru,RUB
"Tymaret, Chosen from Death",THB,Theros Beyond Death,263,normal,uncommon,1,46799,1bcb02d3-dcf4-41a6-8b9a-f8ad477faea0,8.75,false,false,near_mint,ru,RUB
Shimmerwing Chimera,THB,Theros Beyond Death,64,normal,uncommon,1,46998,f3b54bea-f2c5-4000-9cbd-04c03a1d2ea2,4.86,false,false,near_mint,ru,RUB
Mysterious Pathlighter,ELD,Throne of Eldraine,22,normal,uncommon,2,46316,1028aa10-aded-4aeb-b70f-d7a9003ae846,5.83,false,false,near_mint,ru,RUB
Entrancing Lyre,THB,Theros Beyond Death,233,normal,uncommon,3,46829,064abee6-7394-4b75-946f-4ad9840034ac,4.86,false,false,near_mint,ru,RUB
Careless Celebrant,THB,Theros Beyond Death,129,normal,uncommon,2,46933,bac6bdd4-b25b-41f6-835d-7d1570cdb951,2.92,false,false,near_mint,ru,RUB
Inevitable End,THB,Theros Beyond Death,102,normal,uncommon,2,46960,a6522f01-ae7a-467e-9a05-530a5ccd304d,4.86,false,false,near_mint,ru,RUB
Rise to Glory,THB,Theros Beyond Death,225,normal,uncommon,2,46837,cf6c11c8-64a1-46a4-979c-56a6d5b873d3,3.89,false,false,near_mint,ru,RUB
Flaxen Intruder // Welcome Home,ELD,Throne of Eldraine,155,normal,uncommon,2,46183,06bd1ad2-fb5d-4aef-87d1-13a341c686fa,6.8,false,false,near_mint,ru,RUB
Banishing Light,FDN,Foundations,138,normal,common,2,101613,e38dc3b3-1629-491b-8afd-0e7a9a857713,2.92,false,false,near_mint,ru,RUB
Nyx Herald,THB,Theros Beyond Death,189,normal,uncommon,2,46873,866dcef0-8d3e-4126-963a-05598d8a9e79,4.86,false,false,near_mint,ru,RUB
Staggering Insight,THB,Theros Beyond Death,228,normal,uncommon,3,46834,125b8be1-76b9-434e-a505-5099d950767c,14.58,false,false,near_mint,ru,RUB
Inspiring Veteran,ELD,Throne of Eldraine,194,normal,uncommon,4,46144,0c3f372d-259d-4a31-9491-2d369b3f3f8b,8.75,false,false,near_mint,ru,RUB
Beanstalk Giant // Fertile Footsteps,DSC,Duskmourn: House of Horror Commander,172,normal,uncommon,2,99204,71096773-69dd-4fb7-a088-e0fe096eaf6b,16.52,false,false,near_mint,ru,RUB
Enemy of Enlightenment,THB,Theros Beyond Death,92,normal,uncommon,2,46970,28bf15e0-f61b-43b9-9113-39bd341a0163,3.89,false,false,near_mint,ru,RUB
Eutropia the Twice-Favored,THB,Theros Beyond Death,216,normal,uncommon,2,46846,c2159949-3d21-448d-bc34-a3dbaf219476,8.75,false,false,near_mint,ru,RUB
Wandermare,ELD,Throne of Eldraine,204,normal,uncommon,3,46134,9a72fb5b-5c55-4ce9-b9d0-98f924d6f338,4.86,false,false,near_mint,ru,RUB
Pheres-Band Brawler,THB,Theros Beyond Death,193,normal,uncommon,2,46869,10ac20a9-6b10-4165-ad81-a47587b64d1e,5.83,false,false,near_mint,ru,RUB
Nylea's Intervention,THB,Theros Beyond Death,188,normal,rare,2,46874,daa2f963-9d16-4224-b24e-b6a79f2b9d75,58.32,false,false,near_mint,ru,RUB
One with the Stars,THB,Theros Beyond Death,59,normal,uncommon,2,47003,98b7070d-4b09-4390-aa21-1bc0aa2b629c,2.92,false,false,near_mint,ru,RUB
Reverent Hoplite,THB,Theros Beyond Death,33,normal,uncommon,2,47029,54153b9c-483e-4e5c-a1ab-b1c8a7a657d4,16.52,false,false,near_mint,ru,RUB
"Taranika, Akroan Veteran",THB,Theros Beyond Death,39,normal,rare,2,47023,a8edd707-5ba3-4978-9a0b-efd0cda367c1,13.61,false,false,near_mint,ru,RUB
Acolyte of Affliction,THB,Theros Beyond Death,206,normal,uncommon,2,46856,a14afed6-ca42-442d-ba86-621179e6957c,7.78,false,false,near_mint,ru,RUB
Improbable Alliance,MOC,March of the Machine Commander,329,normal,uncommon,2,81577,29ab3610-342d-4a67-9be8-a7efb89a4b46,4.86,false,false,near_mint,ru,RUB
Alseid of Life's Bounty,THB,Theros Beyond Death,1,normal,uncommon,2,47061,36c8c075-9597-412e-9fc4-9d73b4405d12,25.27,false,false,near_mint,ru,RUB
Minion's Return,THB,Theros Beyond Death,104,normal,uncommon,2,46958,ce763778-0a35-41d2-9286-fdf2302554f5,19.44,false,false,near_mint,ru,RUB
Venerable Knight,ELD,Throne of Eldraine,35,normal,uncommon,2,46303,0001f1ef-b957-4a55-b47f-14839cdbab6f,9.72,false,false,near_mint,ru,RUB
So Tiny,ELD,Throne of Eldraine,64,normal,common,1,46274,421650f2-1b34-4a36-9675-9424997c9d0b,3.94,false,false,near_mint,ru,RUB
Heliod's Pilgrim,THB,Theros Beyond Death,20,foil,common,1,47042,cafce2f5-f4f4-465b-96dc-bcdd29d4e4bb,24.66,false,false,near_mint,ru,RUB
Barrow Witches,ELD,Throne of Eldraine,77,normal,common,1,46261,45707c22-fce8-4dbd-9d19-73f08c68f449,5.92,false,false,near_mint,ru,RUB
Angelic Gift,AFC,Forgotten Realms Commander,64,normal,common,1,60723,5a2122c0-5fb4-4767-b969-c61bd959d604,11.83,false,false,near_mint,ru,RUB
Sentinel's Eyes,THB,Theros Beyond Death,36,normal,common,1,47026,32adc118-b81e-48c2-b7ef-b62e8c3308d6,14.79,false,false,near_mint,ru,RUB
Omen of the Dead,THB,Theros Beyond Death,110,normal,common,1,46952,8023fc44-fb8e-420d-a68c-b45912c4e5bd,6.9,false,false,near_mint,ru,RUB
Rosethorn Halberd,ELD,Throne of Eldraine,175,normal,common,1,46163,d4a66e33-af5c-42b5-bef6-0ff0197ecc14,3.94,false,false,near_mint,ru,RUB
Beloved Princess,ELD,Throne of Eldraine,7,normal,common,1,46331,4c6ee4eb-70b2-4f99-9d54-5caf2d3713be,6.9,false,false,near_mint,ru,RUB
Captivating Unicorn,THB,Theros Beyond Death,6,normal,common,1,47056,13893599-0b87-4fc0-863d-f3e0ae51cc31,2.96,false,false,near_mint,ru,RUB
Skophos Warleader,THB,Theros Beyond Death,154,normal,common,1,46908,59c39c70-8360-4c7c-b5fa-61c42828609a,1.97,false,false,near_mint,ru,RUB
Charmed Sleep,BLB,Bloomburrow,388,normal,common,1,96063,7d171802-2604-45a5-a0f2-ab5afa1db5d5,6.9,false,false,near_mint,ru,RUB
Lonesome Unicorn // Rider in Need,ELD,Throne of Eldraine,21,normal,common,1,46317,99083707-2152-42c0-b5c3-b4f97ec20190,4.93,false,false,near_mint,ru,RUB
Silverflame Squire // On Alert,ELD,Throne of Eldraine,31,normal,common,1,46307,7bd105f3-fa33-4490-aea9-b47ca121b664,1.97,false,false,near_mint,ru,RUB
Ardenvale Paladin,ELD,Throne of Eldraine,4,normal,common,1,46334,a32fa360-6c41-4146-931b-c19e9a766803,3.94,false,false,near_mint,ru,RUB
Plummet,THB,Theros Beyond Death,194,normal,common,1,46868,a8b2f186-4e04-49cb-a206-257cfb7e9361,5.92,false,false,near_mint,ru,RUB
Nyxborn Marauder,THB,Theros Beyond Death,109,normal,common,1,46953,fd2a923a-1f9c-4a29-9c6b-344ae4d5ae8f,3.94,false,false,near_mint,ru,RUB
Altar of the Pantheon,THB,Theros Beyond Death,231,normal,common,1,46831,e1f2a587-443d-4626-a6f6-9a26838a42b1,16.77,false,false,near_mint,ru,RUB
Underworld Rage-Hound,THB,Theros Beyond Death,163,normal,common,1,46899,a04eef82-fd53-41f4-9c7e-28b9ac039032,2.96,false,false,near_mint,ru,RUB
Transcendent Envoy,WOC,Wilds of Eldraine Commander,81,normal,common,1,85231,042b3a3c-a105-4bfa-b0bb-f93d22401c85,15.78,false,false,near_mint,ru,RUB
Jousting Dummy,ELD,Throne of Eldraine,224,normal,common,1,46114,f6601056-af08-4239-97d5-5e11597fce18,1.97,false,false,near_mint,ru,RUB
Satyr's Cunning,THB,Theros Beyond Death,152,normal,common,1,46910,646d8201-be68-42fa-bcfd-42d81a2ad195,1.97,false,false,near_mint,ru,RUB
Pharika's Libation,THB,Theros Beyond Death,111,normal,common,1,46951,0307bb5c-0a46-4f6b-b6d5-58cf31987bb5,7.89,false,false,near_mint,ru,RUB
Insatiable Appetite,ELD,Throne of Eldraine,162,normal,common,1,46176,2357f2db-00c2-41f6-bd04-93f905dea461,2.96,false,false,near_mint,ru,RUB
Embereth Paladin,ELD,Throne of Eldraine,121,normal,common,1,46217,6bcfe06b-3bb5-434e-acf4-4bfa8a94141d,2.96,false,false,near_mint,ru,RUB
Trapped in the Tower,ELD,Throne of Eldraine,33,normal,common,1,46305,974e84ce-5b51-4bd7-9a4d-b64d8f8f62d4,6.9,false,false,near_mint,ru,RUB
Loathsome Chimera,THB,Theros Beyond Death,177,normal,common,1,46885,3afe6283-3642-4883-ac6e-83ae3280af9c,1.97,false,false,near_mint,ru,RUB
Scavenging Harpy,THB,Theros Beyond Death,114,normal,common,1,46948,b0e237c5-45b4-49df-adb9-62b9f3b62986,3.94,false,false,near_mint,ru,RUB
Heliod's Pilgrim,THB,Theros Beyond Death,20,normal,common,1,47042,cafce2f5-f4f4-465b-96dc-bcdd29d4e4bb,7.89,false,false,near_mint,ru,RUB
Nyxborn Seaguard,THB,Theros Beyond Death,57,normal,common,1,47005,9ad0c7d7-0e44-496f-a2fc-fafc604cb1f1,1.97,false,false,near_mint,ru,RUB
Stampede Rider,THB,Theros Beyond Death,155,normal,common,1,46907,c32c6192-2f8d-4656-af8b-c488e27a75e1,1.97,false,false,near_mint,ru,RUB
Foreboding Fruit,ELD,Throne of Eldraine,88,normal,common,1,46250,c5f79ec4-3722-4fda-824b-e80dc7608d01,7.89,false,false,near_mint,ru,RUB
Grim Physician,THB,Theros Beyond Death,100,normal,common,1,46962,b7e92c82-840f-4c75-b617-7b58a07be5b4,0.99,false,false,near_mint,ru,RUB
Naga Eternal,WAR,War of the Spark,60,normal,common,1,44344,0f244233-f2e8-48f8-9106-e7cd186efd51,2.96,false,false,near_mint,ru,RUB
Vampire Opportunist,M20,Core Set 2020,326,normal,common,1,45134,ced4b4a9-73a8-4135-b150-cd78d1558aca,24.66,false,false,near_mint,ru,RUB
Centaur Nurturer,WAR,War of the Spark,156,normal,common,1,44248,bf020acb-e0c6-43b4-8324-0f2ec68b73d6,3.94,false,false,near_mint,ru,RUB
Glaring Aegis,M20,Core Set 2020,18,normal,common,1,45443,daa83dc2-4ec0-4e4f-8bfd-4f6d6df06a2d,3.94,false,false,near_mint,ru,RUB
Natural End,M20,Core Set 2020,183,normal,common,1,45278,84dcd314-f4d2-461e-a66e-7b1d8f141879,2.96,false,false,near_mint,ru,RUB
Sedge Scorpion,M20,Core Set 2020,192,normal,common,1,45269,9864f811-db2e-4d6d-ad59-a491a790bdd4,4.93,false,false,near_mint,ru,RUB
Lavakin Brawler,M20,Core Set 2020,147,normal,common,1,45314,3eeea9e5-3041-4439-bc52-fd00ec83c7a1,5.92,false,false,near_mint,ru,RUB
Goblin Smuggler,M20,Core Set 2020,144,normal,common,1,45317,95dc1a65-271c-455a-ae0c-f652444a53ac,4.93,false,false,near_mint,ru,RUB
Greenwood Sentinel,M20,Core Set 2020,174,normal,common,1,45287,e9a1a70d-c146-453e-84c4-71cae4e0afaa,4.93,false,false,near_mint,ru,RUB
Locthwain Paladin,ELD,Throne of Eldraine,93,normal,common,1,46245,da6f21a8-3dd0-42af-8a93-84f98968c781,3.94,false,false,near_mint,ru,RUB
Frost Lynx,M20,Core Set 2020,62,normal,common,1,45399,64e1a5af-442f-4fcf-be99-6f62176be36c,2.96,false,false,near_mint,ru,RUB
Vial of Dragonfire,CMM,Commander Masters,417,normal,common,1,84863,c924502b-a49e-4bf6-9e1a-9aa83f279228,2.96,false,false,near_mint,ru,RUB
Steelgaze Griffin,ELD,Throne of Eldraine,65,normal,common,1,46273,6d361328-8b0a-40a0-b5c0-215398fdfb47,1.97,false,false,near_mint,ru,RUB
Henge Walker,ELD,Throne of Eldraine,221,normal,common,1,46117,9925f0bc-8685-4e38-8864-0ad3a9549ab5,5.92,false,false,near_mint,ru,RUB
Unexplained Vision,ELD,Throne of Eldraine,70,normal,common,1,46268,c1de1d84-e548-409d-b9ec-d2665477b43d,4.93,false,false,near_mint,ru,RUB
Mantle of Tides,ELD,Throne of Eldraine,52,normal,common,1,46286,c058d01e-f705-4407-bd9e-a2d127afdf04,4.93,false,false,near_mint,ru,RUB
Thirst for Meaning,DSC,Duskmourn: House of Horror Commander,129,normal,common,1,99315,b91bd773-b36b-4a7a-a9e4-3a07cff90646,3.94,false,false,near_mint,ru,RUB
Aspect of Manticore,THB,Theros Beyond Death,127,normal,common,1,46935,f67d0091-1925-44a5-89f3-21c2afd5665c,1.97,false,false,near_mint,ru,RUB
Relentless Advance,WAR,War of the Spark,64,normal,common,1,44340,4258e242-91c6-4b30-86ec-7759705aa97c,2.96,false,false,near_mint,ru,RUB
Wall of Runes,M21,Core Set 2021,85,normal,common,1,50841,6ac0f66a-213f-463e-8ebb-35ff5940ea06,7.89,false,false,near_mint,ru,RUB
Naiad of Hidden Coves,THB,Theros Beyond Death,56,normal,common,1,47006,dc6ae489-658b-4c12-b204-f7b58ce84375,10.85,false,false,near_mint,ru,RUB
Riptide Turtle,THB,Theros Beyond Death,61,normal,common,1,47001,cc4ba296-950c-4e39-ab5e-06be07e4a190,6.9,false,false,near_mint,ru,RUB
Eidolon of Philosophy,THB,Theros Beyond Death,48,normal,common,1,47014,d2897635-b387-485d-932f-5655244a381f,0.99,false,false,near_mint,ru,RUB
Chandra's Pyrohelix,WAR,War of the Spark,120,normal,common,1,44284,1c482f51-9222-4e9e-a9fd-bb14a0afe156,3.94,false,false,near_mint,ru,RUB
Fling,ELD,Throne of Eldraine,126,normal,common,1,46212,cb28fe03-8269-41de-b766-42c3421aeaef,6.9,false,false,near_mint,ru,RUB
Enforcer Griffin,CLU,Ravnica: Clue Edition,60,normal,common,1,90757,2cfce961-be01-42d6-b309-15ca17225be6,5.92,false,false,near_mint,ru,RUB
Loxodon Sergeant,WAR,War of the Spark,21,normal,common,1,44383,c57f873b-5fb2-4638-b66c-f6d1aec156ba,3.94,false,false,near_mint,ru,RUB
Pious Wayfarer,THB,Theros Beyond Death,32,normal,common,1,47030,10b1a2b5-5be2-43a2-bc35-95df6eb0984f,3.94,false,false,near_mint,ru,RUB
Leonin of the Lost Pride,THB,Theros Beyond Death,28,normal,common,1,47034,e1be3729-7970-45df-8c26-4fe09e56629d,1.97,false,false,near_mint,ru,RUB
Kraul Stinger,WAR,War of the Spark,165,normal,common,1,44239,46b88fe9-2450-47ee-ac1e-bbbccbf5684f,3.94,false,false,near_mint,ru,RUB
Bloom Hulk,WAR,War of the Spark,154,normal,common,1,44250,fd1c9129-254d-4d1d-9d95-112292bd6bcc,5.92,false,false,near_mint,ru,RUB
Final Flare,THB,Theros Beyond Death,134,normal,common,1,46928,f0c95dee-a480-4878-a967-9e46be9ee372,2.96,false,false,near_mint,ru,RUB
Memory Theft,ELD,Throne of Eldraine,96,normal,common,1,46242,397fd49b-a520-4b0e-9ab9-71675ab5969d,5.92,false,false,near_mint,ru,RUB
Opt,OTC,Outlaws of Thunder Junction Commander,104,normal,common,1,93670,67bcf3fd-fca0-4cdb-b625-bac5fadd00e3,17.75,false,false,near_mint,ru,RUB
Inspire Awe,THB,Theros Beyond Death,175,normal,common,1,46887,b23c8b5a-2e18-4dd8-b236-5b1fd356f867,1.97,false,false,near_mint,ru,RUB
Tall as a Beanstalk,ELD,Throne of Eldraine,178,normal,common,1,46160,098bfd71-a47f-4dfc-b516-b88a388fb7b5,2.96,false,false,near_mint,ru,RUB
Merchant of the Vale // Haggle,ELD,Throne of Eldraine,131,normal,common,1,46207,0b4399b6-e67f-40d8-8676-f5db7e04a6c9,2.96,false,false,near_mint,ru,RUB
Ogre Errant,ELD,Throne of Eldraine,132,normal,common,1,46206,0e96f3dc-dc58-4034-8d3d-3ae74fa64562,1.97,false,false,near_mint,ru,RUB
Raging Redcap,FDN,Foundations,543,normal,common,1,101569,9627b0a7-bda9-44df-81c9-aa70cc976331,19.72,false,false,near_mint,ru,RUB
Weaselback Redcap,ELD,Throne of Eldraine,148,normal,common,1,46190,33a78207-fd76-4112-a257-54a25da6f818,3.94,false,false,near_mint,ru,RUB
Rimrock Knight // Boulder Rush,ELD,Throne of Eldraine,137,normal,common,1,46201,a3d13d84-01e4-4429-93db-e5afff811527,2.96,false,false,near_mint,ru,RUB
Nightmare,TTHB,Theros Beyond Death Tokens,12,normal,common,1,47064,c528581f-f671-45ae-8d7a-ae26a4e62ceb,36.49,false,false,near_mint,ru,RUB
Zombie Warrior,TWAR,War of the Spark Tokens,11,normal,common,1,44110,2e06aa97-1611-4af6-8bad-32051927fcfd,318.56,false,false,near_mint,ru,RUB
Rat,TFDN,Foundations Tokens,14,normal,common,1,101522,5cad84b0-2bbf-479c-ae46-f725892d04d1,,false,false,near_mint,ru,RUB
Elemental,TTHB,Theros Beyond Death Tokens,8,normal,common,1,47068,60466c78-155e-442b-8022-795e1e9de8df,8.88,false,false,near_mint,ru,RUB
Elemental,TOTC,Outlaws of Thunder Junction Commander Tokens,14,normal,common,1,93631,5411b47d-a7b5-491a-a13b-a2b8bacaa419,15.78,false,false,near_mint,ru,RUB
Pegasus,TWOC,Wilds of Eldraine Commander Tokens,9,normal,common,1,85188,5c83b97b-e74b-40b3-8465-28de8d8e0437,,false,false,near_mint,ru,RUB
Spider,TBLC,Bloomburrow Commander Tokens,31,normal,common,1,96368,858dec67-4839-45ce-91c9-85709b392c07,20.71,false,false,near_mint,ru,RUB
Gold,TCLB,Battle for Baldur's Gate Tokens,48,normal,common,1,69436,19b15a8a-58bd-4b7e-9b7f-e143c90f35d7,13.81,false,false,near_mint,ru,RUB
Wall,TTHB,Theros Beyond Death Tokens,14,normal,common,1,47062,dbdd5d53-65e7-42c3-a325-791f11335e62,12.82,false,false,near_mint,ru,RUB
Wolf,TBLC,Bloomburrow Commander Tokens,32,normal,common,1,96510,e7fcf482-2241-4263-acf8-3c34a498bfd5,11.83,false,false,near_mint,ru,RUB
Forest,CMM,Commander Masters,798,normal,common,2,84339,4c08f11e-0f3f-464e-abe9-20f18de237d8,6.9,false,false,near_mint,ru,RUB
Forest,CMM,Commander Masters,797,normal,common,1,84618,90db81be-753b-4d0e-9d66-9292364d2a60,6.9,false,false,near_mint,ru,RUB
Swimmer in Nightmares,THB,Theros Beyond Death,275,normal,uncommon,3,46787,ebc6b5ee-e764-444e-8b27-26e00f4b2074,7.89,false,false,near_mint,ru,RUB
Ichthyomorphosis,THB,Theros Beyond Death,51,normal,common,3,47011,e4763b6c-6471-41bd-b3e4-785564bcf06f,2.96,false,false,near_mint,ru,RUB
Nexus Wardens,THB,Theros Beyond Death,184,normal,common,2,46878,68cb4e56-bcad-43a3-8600-a3594047205a,2.96,false,false,near_mint,ru,RUB
Funeral Rites,THB,Theros Beyond Death,97,normal,common,5,46965,30aa6796-0cb6-426b-9e3f-4d7e4959a6a4,7.89,false,false,near_mint,ru,RUB
Sleep of the Dead,THB,Theros Beyond Death,66,normal,common,4,46996,4007572b-a6c8-4a56-b1a7-ff099189c9c0,10.85,false,false,near_mint,ru,RUB
Traveler's Amulet,THB,Theros Beyond Death,240,normal,common,7,46822,590926db-279c-494a-b92d-680b8abf9699,7.89,false,false,near_mint,ru,RUB
Voracious Typhon,THB,Theros Beyond Death,203,normal,common,2,46859,efa2bccb-0e01-4629-b9a8-5c0ea26239b3,2.96,false,false,near_mint,ru,RUB
Rage-Scarred Berserker,THB,Theros Beyond Death,113,normal,common,2,46949,1f76d7c4-a5d6-4144-b5f3-e43b96b695b7,2.96,false,false,near_mint,ru,RUB
Skola Grovedancer,DSC,Duskmourn: House of Horror Commander,199,normal,common,4,99351,ce7753e0-2838-49c2-acd0-80b534f43bad,2.96,false,false,near_mint,ru,RUB
Aspect of Lamprey,THB,Theros Beyond Death,85,normal,common,3,46977,27157f01-8aed-4485-9f0f-9e7486492e6e,4.93,false,false,near_mint,ru,RUB
Daybreak Chimera,THB,Theros Beyond Death,10,normal,common,4,47052,f9c1de31-73d4-4c32-9f99-e15df48638e9,0.99,false,false,near_mint,ru,RUB
Tome Raider,ELD,Throne of Eldraine,68,normal,common,2,46270,e04ad850-5801-4654-a388-f86be20a43bf,3.94,false,false,near_mint,ru,RUB
Final Death,THB,Theros Beyond Death,95,normal,common,4,46967,8e5b8580-9198-4735-83c1-289400c1d814,2.96,false,false,near_mint,ru,RUB
Rumbling Sentry,THB,Theros Beyond Death,35,normal,common,2,47027,4f93f3c9-b317-40c1-87f5-0038c09b646d,0.99,false,false,near_mint,ru,RUB
Witness of Tomorrows,THB,Theros Beyond Death,82,normal,common,2,46980,64cd9d60-826c-4b35-9684-dccb0880399e,0.99,false,false,near_mint,ru,RUB
Goat,TNCC,New Capenna Commander Tokens,6,normal,common,2,68512,031dc414-b956-45af-b4a5-40e695f7370a,16.77,false,false,near_mint,ru,RUB
Forest,THB,Theros Beyond Death,254,normal,common,5,46808,32af9f41-89e2-4e7a-9fec-fffe79cae077,108.49,false,false,near_mint,ru,RUB
Brine Giant,THB,Theros Beyond Death,44,normal,common,2,47018,6811a9dc-e521-4c9e-accb-1efb8346c1db,2.96,false,false,near_mint,ru,RUB
Gift of Strength,THB,Theros Beyond Death,171,normal,common,4,46891,75f5e144-4dd6-441f-b3e2-433aa82bdf7b,0.99,false,false,near_mint,ru,RUB
Nyxborn Brute,THB,Theros Beyond Death,144,normal,common,3,46918,05bc4236-566f-401b-b9d7-f58126fa228b,0.99,false,false,near_mint,ru,RUB
Venomous Hierophant,CLU,Ravnica: Clue Edition,125,normal,common,3,91262,e49f13d4-81af-420d-bd6a-74527355ad36,7.89,false,false,near_mint,ru,RUB
Unknown Shores,THB,Theros Beyond Death,249,normal,common,7,46813,492181e4-5825-45d4-b8a1-37f29c32a845,5.92,false,false,near_mint,ru,RUB
Infuriate,THB,Theros Beyond Death,141,normal,common,3,46921,85a74392-4056-428c-a807-b062957e838e,2.96,false,false,near_mint,ru,RUB
Irreverent Revelers,THB,Theros Beyond Death,143,normal,common,3,46919,55405dca-3555-45ff-be1c-e276fe1a0c2e,2.96,false,false,near_mint,ru,RUB
Wings of Hubris,THB,Theros Beyond Death,241,normal,common,2,46821,e3ef8f96-3e3c-4b1b-8180-3b38c7deaaff,2.96,false,false,near_mint,ru,RUB
Triumphant Surge,THB,Theros Beyond Death,41,normal,common,2,47021,75d6eb18-a49d-4fa5-a333-78aafbc4abcb,2.96,false,false,near_mint,ru,RUB
Revoke Existence,2XM,Double Masters,28,normal,common,4,52164,7bd4fc26-8351-4371-948b-f43346c3e771,10.85,false,false,near_mint,ru,RUB
Nylea's Forerunner,THB,Theros Beyond Death,186,normal,common,3,46876,2cf2b6be-80a8-4464-a909-8cc658196a14,7.89,false,false,near_mint,ru,RUB
Elite Instructor,THB,Theros Beyond Death,49,normal,common,2,47013,821cd2dd-aa03-4c55-b9e4-98e0284889d3,2.96,false,false,near_mint,ru,RUB
Setessan Training,M21,Core Set 2021,205,normal,common,2,50722,1947f64a-5ca0-4dda-8bbd-8472e72ecf18,1.97,false,false,near_mint,ru,RUB
Towering-Wave Mystic,THB,Theros Beyond Death,77,normal,common,4,46985,8c2b4ffc-b1e1-4b16-9a51-1a12f8256a27,2.96,false,false,near_mint,ru,RUB
Hero of the Games,2X2,Double Masters 2022,112,normal,common,2,70401,9abd74bb-01b8-4382-90d4-0ffc43e5295d,1.97,false,false,near_mint,ru,RUB
Ilysian Caryatid,CMM,Commander Masters,297,normal,common,2,84267,3db65137-c9d6-4352-b7a0-f3968b167233,12.82,false,false,near_mint,ru,RUB
Thrill of Possibility,FDN,Foundations,210,normal,common,2,101561,882b348c-076b-41d8-b505-063480636669,5.92,false,false,near_mint,ru,RUB
Mountain,THB,Theros Beyond Death,253,normal,common,4,46809,53fb7b99-9e47-46a6-9c8a-88e28b5197f1,164.7,false,false,near_mint,ru,RUB
Mogis's Favor,THB,Theros Beyond Death,107,normal,common,3,46955,de6bf7fb-11ca-4878-8072-cebaa763a549,1.97,false,false,near_mint,ru,RUB
Reave Soul,ELD,Throne of Eldraine,103,normal,common,2,46235,ce7ff657-aa44-4336-895a-87518159cef6,2.96,false,false,near_mint,ru,RUB
Blight-Breath Catoblepas,THB,Theros Beyond Death,86,normal,common,4,46976,7865c079-1d91-48d4-852d-d104b6e0c157,2.96,false,false,near_mint,ru,RUB
Rosethorn Acolyte // Seasonal Ritual,ELD,Throne of Eldraine,174,normal,common,2,46164,2a0d430f-da84-4752-940c-8457c525aac9,3.94,false,false,near_mint,ru,RUB
Oread of Mountain's Blaze,THB,Theros Beyond Death,146,normal,common,2,46916,0f9bb73a-5b4e-4c9b-b0a6-8e531dc27394,2.96,false,false,near_mint,ru,RUB
Omen of the Sun,CMM,Commander Masters,831,normal,common,3,84084,157e4f28-d1b1-41e4-a2f1-6613a952bca2,4.93,false,false,near_mint,ru,RUB
Underworld Charger,THB,Theros Beyond Death,120,normal,common,5,46942,f2dd847f-0db2-4f6a-bdfb-5c88ce7802f9,2.96,false,false,near_mint,ru,RUB
Mindwrack Harpy,CMM,Commander Masters,869,normal,common,4,84191,2dabd3ef-eac8-48ed-b2c1-f4ce8adcedf5,15.78,false,false,near_mint,ru,RUB
Chain to Memory,THB,Theros Beyond Death,46,normal,common,3,47016,fa0e1a22-8f27-4c5b-a65c-c35abd2ff05b,1.97,false,false,near_mint,ru,RUB
Lampad of Death's Vigil,THB,Theros Beyond Death,103,normal,common,3,46959,e8c9ada9-ea25-4a96-a4be-e4cf8f7a014f,11.83,false,false,near_mint,ru,RUB
Deny the Divine,THB,Theros Beyond Death,47,normal,common,2,47015,1200f68a-a8ea-4777-b6b0-de48b2203fd1,2.96,false,false,near_mint,ru,RUB
Return to Nature,THB,Theros Beyond Death,197,normal,common,3,46865,a4515a76-53f0-40a2-8b88-70b73447d1e6,7.89,false,false,near_mint,ru,RUB
Vexing Gull,THB,Theros Beyond Death,79,normal,common,3,46983,869fee23-df75-448d-9fca-6ba6713d459f,3.94,false,false,near_mint,ru,RUB
Island,THB,Theros Beyond Death,251,normal,common,5,46811,acf7b664-3e75-4018-81f6-2a14ab59f258,215.0,false,false,near_mint,ru,RUB
Bake into a Pie,FDN,Foundations,169,normal,common,2,101494,2ab0e660-86a3-4b92-82fa-77dcb5db947d,1.97,false,false,near_mint,ru,RUB
Starlit Mantle,THB,Theros Beyond Death,67,normal,common,2,46995,68c53625-6928-494a-af87-7eee2f6643a5,3.94,false,false,near_mint,ru,RUB
Hyrax Tower Scout,THB,Theros Beyond Death,173,normal,common,4,46889,bb7f2638-d757-4df6-90b0-b616534dd3a0,10.85,false,false,near_mint,ru,RUB
Dreadful Apathy,THB,Theros Beyond Death,11,normal,common,3,47051,e20c2369-db77-465e-9f0e-bb009225345a,1.97,false,false,near_mint,ru,RUB
Soulreaper of Mogis,THB,Theros Beyond Death,115,normal,common,2,46947,55e2f383-d2a0-4424-bf7a-79e82d6f691f,2.96,false,false,near_mint,ru,RUB
Satyr,TCMM,Commander Masters Tokens,29,normal,common,2,84325,49bdae00-bcbd-4238-87d6-7e12ff7ffd83,15.78,false,false,near_mint,ru,RUB
Warbriar Blessing,WOC,Wilds of Eldraine Commander,137,normal,common,2,85497,76fd958e-bcc6-4f6d-9566-b6cd875fa6c4,1.97,false,false,near_mint,ru,RUB
Omen of the Sea,THB,Theros Beyond Death,58,normal,common,2,47004,a5f30ecd-d009-4d44-aef4-c926ed55a521,8.88,false,false,near_mint,ru,RUB
Flicker of Fate,THB,Theros Beyond Death,16,normal,common,2,47046,59e19bac-176c-4e37-bfc8-27c00de7c37f,15.78,false,false,near_mint,ru,RUB
Witching Well,CMM,Commander Masters,135,normal,common,2,84913,d2f028cd-1cb4-4a5b-b989-4acd8777ac5c,7.89,false,false,near_mint,ru,RUB
Bloodhaze Wolverine,ELD,Throne of Eldraine,113,normal,common,2,46225,3d6c0bc1-cb07-4009-83b1-1122381cf9c4,1.97,false,false,near_mint,ru,RUB
Plains,THB,Theros Beyond Death,250,normal,common,2,46812,a9891b7b-fc52-470c-9f74-292ae665f378,174.57,false,false,near_mint,ru,RUB
Flummoxed Cyclops,THB,Theros Beyond Death,135,normal,common,2,46927,1f70bcef-7ab6-4547-aca4-dd3ba68fd26b,0.99,false,false,near_mint,ru,RUB
Swamp,THB,Theros Beyond Death,252,normal,common,3,46810,02cb5cfd-018e-4c5e-bef1-166262aa5f1d,183.44,false,false,near_mint,ru,RUB
Bronze Sword,THB,Theros Beyond Death,232,normal,common,3,46830,0b33162d-8d8f-4312-b31e-04ce86e3b914,2.96,false,false,near_mint,ru,RUB
Scorching Dragonfire,FDN,Foundations,545,normal,common,2,101507,44ea09c1-d420-4e99-a968-ade614579287,55.23,false,false,near_mint,ru,RUB
Garenbrig Carver // Shield's Might,ELD,Throne of Eldraine,156,normal,common,2,46182,194b7a1c-291a-470e-9a40-61b72a46793b,2.96,false,false,near_mint,ru,RUB
Memory Drain,THB,Theros Beyond Death,54,normal,common,3,47008,aadc1809-d6bb-455c-b6ce-dd11521808b6,6.9,false,false,near_mint,ru,RUB
Ardenvale Tactician // Dizzying Swoop,ELD,Throne of Eldraine,5,normal,common,2,46333,c7d5e394-8e41-442e-ae97-a478a61e1b9d,2.96,false,false,near_mint,ru,RUB
Karametra's Blessing,THB,Theros Beyond Death,26,normal,common,2,47036,88c8e4dc-5378-48d6-85b2-f5ea9ec7cf36,8.88,false,false,near_mint,ru,RUB
Moss Viper,THB,Theros Beyond Death,179,normal,common,4,46883,a4d35ec4-0e0d-4611-8ad9-39d2c8a2ad6e,12.82,false,false,near_mint,ru,RUB
Temple Thief,THB,Theros Beyond Death,116,normal,common,2,46946,fc4a61aa-75d2-46bc-b13f-b863f5f49d32,1.97,false,false,near_mint,ru,RUB
Tuinvale Treefolk // Oaken Boon,ELD,Throne of Eldraine,180,normal,common,2,46158,8bc518fc-904e-4e39-aeda-ffb222bfcc82,2.96,false,false,near_mint,ru,RUB
Discordant Piper,THB,Theros Beyond Death,88,normal,common,2,46974,a8cce294-f6ee-4b18-8b65-7d01d0317b00,5.92,false,false,near_mint,ru,RUB
Thaumaturge's Familiar,THB,Theros Beyond Death,238,normal,common,2,46824,7b497153-69a8-480e-b02f-88afec9d5053,0.99,false,false,near_mint,ru,RUB
Portent of Betrayal,THB,Theros Beyond Death,149,normal,common,2,46913,b9c2b855-5079-418e-bfb4-9fc575ebe4f7,1.97,false,false,near_mint,ru,RUB
Zombie,TTHB,Theros Beyond Death Tokens,7,normal,common,2,47069,6b3e6b4d-d798-4c6a-8a09-255be2a6df2c,17.75,false,false,near_mint,ru,RUB
Wrap in Flames,THB,Theros Beyond Death,164,normal,common,2,46898,b5f7ff4f-3fd6-4084-aaf7-9f290ecc0181,2.96,false,false,near_mint,ru,RUB
Indomitable Will,THB,Theros Beyond Death,25,normal,common,2,47037,47772a34-c72f-44e8-b272-4ef2d2af5c82,3.94,false,false,near_mint,ru,RUB
Curious Pair // Treats to Share,ELD,Throne of Eldraine,150,normal,common,2,46188,7f78a570-d776-42f2-a609-6da0156c8de7,3.94,false,false,near_mint,ru,RUB
Relentless Pursuit,THB,Theros Beyond Death,195,normal,common,3,46867,752b9560-b1d6-441c-8bc8-bf6988112d25,2.96,false,false,near_mint,ru,RUB
Incendiary Oracle,THB,Theros Beyond Death,140,normal,common,3,46922,eb6b9b5c-35ff-47ac-9b04-71257314b686,1.97,false,false,near_mint,ru,RUB
Arena Trickster,THB,Theros Beyond Death,126,normal,common,2,46936,e096049d-9f02-4abb-bb5a-97b14fd17099,2.96,false,false,near_mint,ru,RUB
Nyxborn Courser,THB,Theros Beyond Death,29,normal,common,3,47033,0fd32240-c003-4e18-adf1-e2e992c702b1,2.96,false,false,near_mint,ru,RUB
Human Soldier,TWOC,Wilds of Eldraine Commander Tokens,7,normal,common,7,85193,dd0f8dba-e34e-443c-9e92-9ae9d3e4d585,,false,false,near_mint,ru,RUB
Bloodfell Caves,FDN,Foundations,259,normal,common,2,100806,8b90dc92-cb66-41d9-89f9-2b6e3cfc8082,4.93,false,false,near_mint,ru,RUB
Dwarven Mine,ELD,Throne of Eldraine,243,normal,common,1,46095,5c83074d-0c9b-4b58-94ca-d75240485579,14.79,false,false,near_mint,ru,RUB
Blossoming Sands,BLB,Bloomburrow,396,normal,common,2,96135,ecfa2cc9-e427-4104-bad7-b0294e392b1f,8.88,false,false,near_mint,ru,RUB
Tranquil Cove,C19,Commander 2019,284,normal,common,2,45650,36c70a1d-c129-4c97-a190-6b3eaa83d48c,5.92,false,false,near_mint,ru,RUB
Thornwood Falls,FDN,Foundations,269,normal,common,2,100424,42799f51-0f8c-444b-974e-dae281a5c697,2.96,false,false,near_mint,ru,RUB
Scoured Barrens,M20,Core Set 2020,251,normal,common,2,45209,3b9edd33-a64e-4526-a89f-edd31ac4b175,9.86,false,false,near_mint,ru,RUB
Rugged Highlands,FDN,Foundations,265,normal,common,2,101400,fd6eaf8e-8881-4d7b-bafc-75e4ca5cbef6,3.94,false,false,near_mint,ru,RUB
Swiftwater Cliffs,BLB,Bloomburrow,397,normal,common,2,96078,89e43510-c444-4b2e-b2a0-528dcc09c899,7.89,false,false,near_mint,ru,RUB
Wind-Scarred Crag,CMR,Commander Legends,502,normal,common,2,56139,9bf1fd55-9e9f-49c2-bf4f-439a18f7f36a,8.88,false,false,near_mint,ru,RUB
Jungle Hollow,C19,Commander 2019,254,normal,common,2,45680,7fc11a2d-7592-46ca-9e9c-fa14c21dc38c,7.89,false,false,near_mint,ru,RUB
Frost Bite,KHM,Kaldheim,138,normal,common,1,56986,9423318a-c5a8-48d2-92f5-280d15a050a6,3.46,false,false,near_mint,ru,RUB
Icehide Troll,KHM,Kaldheim,176,normal,common,1,56733,02f3aaed-a01f-4c6a-b9bb-cd70b0f6ceb1,3.46,false,false,near_mint,ru,RUB
Deathknell Berserker,KHM,Kaldheim,83,normal,common,1,57164,f9f2029f-ffda-4374-9a78-79866ac23fca,1.73,false,false,near_mint,ru,RUB
Bound in Gold,KHM,Kaldheim,5,normal,common,1,56738,074d526a-1eef-4045-bd38-f6d68c4bc4b9,4.32,false,false,near_mint,ru,RUB
Depart the Realm,KHM,Kaldheim,53,normal,common,1,56805,2ce0403d-76ed-4eb0-abdd-74ed28f96137,6.05,false,false,near_mint,ru,RUB
Hagi Mob,KHM,Kaldheim,140,normal,common,1,57099,d3b18cdb-bc17-42ae-bfb7-4eafce01cd39,0.86,false,false,near_mint,ru,RUB
Invoke the Divine,KHM,Kaldheim,16,normal,common,1,56934,7213d9e1-e9c6-45d8-bb7f-336c41e7b6f7,6.05,false,false,near_mint,ru,RUB
Undersea Invader,KHM,Kaldheim,78,normal,common,1,56881,550c745b-64e8-4d20-9cf0-024248ddbd57,2.59,false,false,near_mint,ru,RUB
Skull Raid,KHM,Kaldheim,111,normal,common,1,56849,4589c520-4db3-47bf-bfb2-5d7e02ede4bf,1.73,false,false,near_mint,ru,RUB
Boreal Outrider,KHM,Kaldheim,163,normal,uncommon,1,56847,455ae615-20d7-4251-828d-72a3345d06f1,6.92,false,false,near_mint,ru,RUB
Port of Karfell,MKC,Murders at Karlov Manor Commander,280,normal,uncommon,1,90516,c1377ca1-aa54-4fed-b289-45309eb2f6b6,6.05,false,false,near_mint,ru,RUB
The Trickster-God's Heist,KHM,Kaldheim,232,normal,uncommon,1,56861,4aa19a68-0d71-4123-a64d-8cb76f93cd74,11.24,false,false,near_mint,ru,RUB
Blood on the Snow,KHM,Kaldheim,79,normal,rare,1,57105,d8606f40-0af4-443b-a413-a88dc3e8f32e,12.11,false,false,near_mint,ru,RUB
Glacial Floodplain,KHM,Kaldheim,257,normal,common,1,57004,9de5fadd-4559-479f-b45d-abe792f0f6e5,20.76,false,false,near_mint,ru,RUB
"Cosima, God of the Voyage // The Omenkeel",KHM,Kaldheim,303,foil,rare,1,56998,9b660733-6ed4-49a6-ae4c-e9e4f9c851cf,76.98,false,false,near_mint,ru,RUB
Treasure,TKHM,Kaldheim Tokens,19,normal,common,1,56862,4ae9f454-4f8c-4123-9886-674bc439dfe7,25.95,false,false,near_mint,ru,RUB
Biblioplex Assistant,STX,Strixhaven: School of Mages,251,normal,common,1,58337,d74e1117-0196-4268-be97-a1e81b5dc90e,2.59,false,false,near_mint,ru,RUB
Exhilarating Elocution,STX,Strixhaven: School of Mages,185,normal,common,1,58187,8468417d-7ef5-43e0-9190-e88f3eed9e82,1.73,false,false,near_mint,ru,RUB
Quandrix Pledgemage,STX,Strixhaven: School of Mages,219,normal,common,2,57982,07633b7f-4150-458b-89c3-d05dc0e3c4bd,3.37,false,false,near_mint,ru,RUB
Waterfall Aerialist,STX,Strixhaven: School of Mages,61,normal,common,1,58166,7bc6966c-18d9-4675-9594-6f0b2d11c405,1.73,false,false,near_mint,ru,RUB
Professor's Warning,STX,Strixhaven: School of Mages,84,normal,common,1,58193,862fded6-e474-4b20-86d8-fd9af5f25b1a,6.92,false,false,near_mint,ru,RUB
Ageless Guardian,STX,Strixhaven: School of Mages,8,normal,common,1,58084,4a5ff6af-402f-4bf6-a75b-dc1e0e40aff6,1.73,false,false,near_mint,ru,RUB
Enthusiastic Study,STX,Strixhaven: School of Mages,99,normal,common,1,58097,543c64ff-2c51-4a63-a940-dc8645717c85,1.73,false,false,near_mint,ru,RUB
Big Play,STX,Strixhaven: School of Mages,122,normal,common,1,58217,9016d667-50a9-4093-9a99-b34dcdafe60b,5.19,false,false,near_mint,ru,RUB
Frost Trickster,STX,Strixhaven: School of Mages,43,normal,common,1,58409,fd79c9cc-0a8c-4d88-96e2-cb177134a18d,2.59,false,false,near_mint,ru,RUB
Environmental Sciences,STX,Strixhaven: School of Mages,1,normal,common,1,58081,46b394fc-a99c-44e7-9226-da0699167541,9.51,false,false,near_mint,ru,RUB
Thunderous Orator,STX,Strixhaven: School of Mages,35,normal,uncommon,1,58377,ef3b2961-559f-42b1-be13-ff3d03e62809,5.19,false,false,near_mint,ru,RUB
Golden Ratio,STX,Strixhaven: School of Mages,190,normal,uncommon,1,58122,626fbddb-3963-4dd2-8507-9777ed66bbbc,6.05,false,false,near_mint,ru,RUB
Returned Pastcaller,STX,Strixhaven: School of Mages,224,normal,uncommon,1,58164,7aa0e762-0fec-4f6b-b3d7-ad8295bf557d,3.46,false,false,near_mint,ru,RUB
Furycalm Snarl,M3C,Modern Horizons 3 Commander,345,normal,rare,1,94803,bc5e1636-14f0-402a-b813-62f52b0e1cbf,12.11,false,false,near_mint,ru,RUB
Defiant Strike,STA,Strixhaven Mystical Archive,3,normal,uncommon,1,58269,ade8f339-4afb-477a-9434-e6cd9126cd10,7.78,false,false,near_mint,ru,RUB
Wildheart Invoker,FDN,Foundations,561,normal,common,1,100581,60f42969-bb5c-4183-8bd3-ba87f008391d,24.22,false,false,near_mint,ru,RUB
Vastwood Zendikon,E01,Archenemy: Nicol Bolas,77,normal,common,1,4849,1848b845-dc37-4f3e-9521-dafab7fa67a8,8.65,false,false,near_mint,ru,RUB
Thriving Grove,BLC,Bloomburrow Commander,347,normal,common,1,96418,ab962037-6cf3-43a7-be74-b43bfd77a7a2,5.19,false,false,near_mint,ru,RUB
Sylvan Ranger,WOC,Wilds of Eldraine Commander,134,normal,common,1,85763,db9edf66-4a30-4d82-9c46-505ed9b8a3f7,8.65,false,false,near_mint,ru,RUB
Fertilid,MOC,March of the Machine Commander,296,normal,common,1,81586,2d73ea23-52ab-4b92-b263-dc8b9e5a1010,4.32,false,false,near_mint,ru,RUB
Fa'adiyah Seer,PLC,Planar Chaos,146,normal,common,1,26388,6a9985e8-535d-4815-8a58-a98c3edb68d4,6.05,false,false,near_mint,ru,RUB
Elemental Uprising,OGW,Oath of the Gatewatch,130,normal,common,1,9252,e194b283-a7d2-4c0a-9ee2-8689a8e911b9,2.59,false,false,near_mint,ru,RUB
Crushing Canopy,UMA,Ultimate Masters,161,normal,common,1,43350,84c2b20b-6255-450d-a848-f7aaf0d80721,0.86,false,false,near_mint,ru,RUB
Zendikar's Roil,ZNC,Zendikar Rising Commander,88,normal,uncommon,1,55392,60297593-2438-48d7-9414-48af114a93d2,316.58,false,false,near_mint,ru,RUB
Feral Hydra,BBD,Battlebond,197,normal,uncommon,1,1796,2b62df43-ff0b-4f2c-8d78-dafefb5e23f7,21.62,false,false,near_mint,ru,RUB
Awakener Druid,M11,Magic 2011,163,normal,uncommon,1,21226,e5ea3786-c64c-4e36-8b3b-19da0c0b46d3,10.38,false,false,near_mint,ru,RUB
Cultivate,CMM,Commander Masters,889,normal,common,1,84386,56b34b52-7a67-44b4-82e7-2860729ba410,96.88,false,false,near_mint,ru,RUB
Ulvenwald Hydra,M3C,Modern Horizons 3 Commander,250,normal,mythic,1,94942,4ade356e-ed2f-4373-b898-c3ccb46324a1,32.0,false,false,near_mint,ru,RUB
Ashiok's Forerunner,THB,Theros Beyond Death,277,normal,rare,2,46785,781bfbae-acd9-4583-88d2-d31978eef565,13.42,false,false,near_mint,ru,RUB
"Ashiok, Sculptor of Fears",THB,Theros Beyond Death,274,foil,mythic,1,46788,36a5fc37-e7bd-41a9-88ac-74a3f14fea8b,166.39,false,false,near_mint,ru,RUB
Bone Splinters,M20,Core Set 2020,92,normal,common,1,45369,7e75a7e9-902a-4733-8cd4-767247174a4c,2.68,false,false,near_mint,ru,RUB
Cauldron Familiar,ELD,Throne of Eldraine,81,normal,uncommon,1,46257,9a539a23-8383-4525-82dd-acfe1d219fe9,136.87,false,false,near_mint,ru,RUB
Demon of Loathing,THB,Theros Beyond Death,292,normal,rare,1,46770,57564f6f-7c99-4325-8a0e-22342e73767b,33.1,false,false,near_mint,ru,RUB
Devourer of Memory,THB,Theros Beyond Death,213,normal,uncommon,4,46849,514a6206-c2e5-4a0f-8a20-7efd6628dd0a,3.58,false,false,near_mint,ru,RUB
Drag to the Underworld,THB,Theros Beyond Death,89,normal,uncommon,1,46973,91852444-9361-4588-a44f-fb90ba1b30e5,7.16,false,false,near_mint,ru,RUB
Faerie Vandal,ZNC,Zendikar Rising Commander,26,normal,uncommon,2,55329,04692219-8850-4b05-aa60-64f32b0daade,6.26,false,false,near_mint,ru,RUB
Foulmire Knight // Profane Insight,MOC,March of the Machine Commander,249,normal,uncommon,1,81644,4676c019-886c-4b0d-9849-c044c0e03da3,17.89,false,false,near_mint,ru,RUB
Gray Merchant of Asphodel,DSC,Duskmourn: House of Horror Commander,142,normal,uncommon,2,99034,00d001d0-fd29-4b7c-9d0e-9131b995f910,593.98,false,false,near_mint,ru,RUB
Heraldic Banner,FDN,Foundations,254,normal,uncommon,1,100678,743ea709-dbb3-4db8-a2ce-544f47eb6339,25.05,false,false,near_mint,ru,RUB
Hypnotic Sprite // Mesmeric Glare,WOC,Wilds of Eldraine Commander,96,normal,uncommon,1,85308,277be901-e906-401e-8cd1-221e70b078e6,11.63,false,false,near_mint,ru,RUB
Mire Triton,CMM,Commander Masters,174,normal,common,1,84678,a070b7af-7c85-4129-81ca-e2ec0540085e,11.63,false,false,near_mint,ru,RUB
Mire's Grasp,THB,Theros Beyond Death,106,normal,common,4,46956,0ae0c536-612d-4916-a8da-5aaaf14218b1,2.68,false,false,near_mint,ru,RUB
Order of Midnight // Alter Fate,MOC,March of the Machine Commander,261,normal,uncommon,1,81785,84c63c27-6095-4fbc-9064-0ef602e1ced8,7.16,false,false,near_mint,ru,RUB
Pharika's Spawn,THB,Theros Beyond Death,112,normal,uncommon,3,46950,a2c8244b-7d86-4dff-9419-3945beb2a7b7,3.58,false,false,near_mint,ru,RUB
Protean Thaumaturge,THB,Theros Beyond Death,60,normal,rare,1,47002,749bfd81-c61b-4901-8efb-72611fd08244,17.89,false,false,near_mint,ru,RUB
Serpent of Yawning Depths,THB,Theros Beyond Death,291,normal,rare,1,46771,a4ac18ae-0d1e-43f5-9cc9-722fa6e36fe5,1061.83,false,false,near_mint,ru,RUB
Smitten Swordmaster // Curry Favor,MOC,March of the Machine Commander,268,normal,common,1,81545,1cd477f5-53e9-446a-b717-5796d87672ba,7.16,false,false,near_mint,ru,RUB
Sweet Oblivion,THB,Theros Beyond Death,70,normal,uncommon,1,46992,51ac77d4-f918-4bbc-b023-8117a8c401ee,4.47,false,false,near_mint,ru,RUB
"Tymaret, Chosen from Death",THB,Theros Beyond Death,263,foil,uncommon,1,46799,1bcb02d3-dcf4-41a6-8b9a-f8ad477faea0,13.42,false,false,near_mint,ru,RUB
Glimpse of Freedom,THB,Theros Beyond Death,50,normal,uncommon,3,47012,c1e9c025-1cdb-4da8-8d28-14ad5efb512d,7.36,false,false,near_mint,ru,RUB
Gravebreaker Lamia,THB,Theros Beyond Death,98,normal,rare,2,46964,408a2073-d068-44bc-b596-5a3a3a446ee1,45.36,false,false,near_mint,ru,RUB
Island,THB,Theros Beyond Death,281,normal,common,6,46781,b82c12c2-2ebf-470b-b0d2-92ccc5faa056,8.93,false,false,near_mint,ru,RUB
Fruit of Tizerus,THB,Theros Beyond Death,96,normal,common,2,46966,66e577a0-e5d7-4e6a-919c-d85c2ae819ce,5.15,false,false,near_mint,ru,RUB
Stern Dismissal,THB,Theros Beyond Death,68,normal,common,4,46994,0aec4d0f-ba1e-45f8-9764-9bcc3fa50e51,9.93,false,false,near_mint,ru,RUB
Island,THB,Theros Beyond Death,280,normal,common,7,46782,92daaa39-cd2f-4c03-8f41-92d99d0a3366,10.13,false,false,near_mint,ru,RUB
Swamp,CMM,Commander Masters,791,normal,common,7,84029,0b3f0063-9a59-4ce1-90b5-e45921d5cc3c,8.03,false,false,near_mint,ru,RUB
Swamp,CMM,Commander Masters,792,normal,common,7,84374,541e7f83-4a77-4544-ac4f-53b8c993724d,7.4,false,false,near_mint,ru,RUB
Dismal Backwater,M20,Core Set 2020,245,normal,common,3,45215,a5ff247f-82d1-4b79-9ac0-1471a1f0f58b,8.3,false,false,near_mint,ru,RUB
Circle of the Moon Druid,AFR,Adventures in the Forgotten Realms,177,normal,common,2,60280,700c9ed8-6bfe-4f1e-855a-5f31e0d2fc9b,1.76,false,false,near_mint,ru,RUB
Thieves' Tools,CLB,Commander Legends: Battle for Baldur's Gate,152,normal,common,1,69276,c3bf4ee1-b6a8-4a69-adab-6839c1786cc9,2.68,false,false,near_mint,ru,RUB
Potion of Healing,AFR,Adventures in the Forgotten Realms,34,normal,common,4,60454,d5edb608-c7d7-4fa9-b969-262c9789fc17,3.05,false,false,near_mint,ru,RUB
Secret Door,AFR,Adventures in the Forgotten Realms,71,normal,common,4,60197,3191e400-aa4e-4955-aca0-ecbe63ea240f,4.07,false,false,near_mint,ru,RUB
Jaded Sell-Sword,AFR,Adventures in the Forgotten Realms,152,normal,common,3,60526,ff5219c0-fb43-47b1-b682-131ba7c70990,3.7,false,false,near_mint,ru,RUB
Compelled Duel,AFR,Adventures in the Forgotten Realms,178,normal,common,4,60187,2a7e501d-943e-4e6d-9d8e-6bedc32a0dd8,2.95,false,false,near_mint,ru,RUB
Greataxe,AFR,Adventures in the Forgotten Realms,245,normal,common,2,60484,e840aef6-eec4-40dd-bbc4-6fd0b2b57805,6.12,false,false,near_mint,ru,RUB
Baleful Beholder,AFR,Adventures in the Forgotten Realms,311,normal,common,1,60173,204f3cba-df13-4c89-b92d-47ee3be6809c,6.26,false,false,near_mint,ru,RUB
Yuan-Ti Fang-Blade,AFR,Adventures in the Forgotten Realms,128,normal,common,4,60366,a7e0e09c-ed43-4a37-85f2-c60bdfdb2624,4.11,false,false,near_mint,ru,RUB
Prosperous Innkeeper,AFR,Adventures in the Forgotten Realms,200,normal,uncommon,1,58950,096d3c0c-98e2-4cfc-a6e1-fddb0359c63f,22.36,false,false,near_mint,ru,RUB
Sudden Insight,AFR,Adventures in the Forgotten Realms,77,normal,uncommon,2,60138,06ec3c87-d5aa-4f8a-a9bf-ef4e38e21ad1,2.59,false,false,near_mint,ru,RUB
Red Dragon,AFR,Adventures in the Forgotten Realms,160,normal,uncommon,1,60306,7cf57369-b8e2-481c-89d4-c83c617499a3,14.31,false,false,near_mint,ru,RUB
Skeletal Swarming,AFR,Adventures in the Forgotten Realms,232,normal,rare,1,60206,3768ac68-0d87-4f99-aa77-2d009df0a567,15.21,false,false,near_mint,ru,RUB
Island,AFR,Adventures in the Forgotten Realms,267,foil,common,1,60184,29d575fc-037b-421a-a205-12d492e9361e,11.63,false,false,near_mint,ru,RUB
Plains,AFR,Adventures in the Forgotten Realms,265,normal,common,1,58998,86626d69-78e0-42b9-81ed-fef46e3a89f7,8.05,false,false,near_mint,ru,RUB
Goblin,TAFR,Adventures in the Forgotten Realms Tokens,12,normal,common,8,60627,1425e965-7eea-419c-a7ec-c8169fa9edbf,12.81,false,false,near_mint,ru,RUB
Innistrad Checklist,TISD,Innistrad Tokens,13,normal,common,1,18621,99ce1bee-8f95-4284-8e06-9de9bfcb53b5,,false,false,near_mint,ru,RUB
Dungeon of the Mad Mage,TAFR,Adventures in the Forgotten Realms Tokens,20,normal,common,9,60278,6f509dbe-6ec7-4438-ab36-e20be46c9922,12.5,false,false,near_mint,ru,RUB
Scion of Stygia,AFR,Adventures in the Forgotten Realms,70,normal,common,3,60328,8f0abdb4-4898-4818-b7e2-24a90f15e49d,2.27,false,false,near_mint,ru,RUB
Valor Singer,AFR,Adventures in the Forgotten Realms,165,normal,common,2,60321,89bc162c-bdf1-43f7-882f-d8cee4f3f415,1.73,false,false,near_mint,ru,RUB
Hill Giant Herdgorger,AFR,Adventures in the Forgotten Realms,187,normal,common,4,60389,b69315cc-c230-4704-9d66-411f624f3e49,1.07,false,false,near_mint,ru,RUB
Shambling Ghast,AFR,Adventures in the Forgotten Realms,119,normal,common,2,60461,d96198a7-dd19-4940-bf8f-23135011fc84,31.22,false,false,near_mint,ru,RUB
Paladin's Shield,AFR,Adventures in the Forgotten Realms,30,normal,common,2,60192,2e13b103-202f-41d7-a855-a6807e5fb4b7,2.59,false,false,near_mint,ru,RUB
Feign Death,AFR,Adventures in the Forgotten Realms,103,normal,common,4,60199,32af7061-fca6-4a06-be3c-01881e6b96f7,118.97,false,false,near_mint,ru,RUB
You Come to a River,AFR,Adventures in the Forgotten Realms,83,normal,common,4,60490,ebf9bab7-98a0-4394-90c0-e7c52e14eb37,8.36,false,false,near_mint,ru,RUB
Gnoll Hunter,AFR,Adventures in the Forgotten Realms,326,normal,common,1,60158,11b8a1e6-a649-4be1-8899-104fffdb2dff,2.68,false,false,near_mint,ru,RUB
Hoarding Ogre,CLB,Commander Legends: Battle for Baldur's Gate,181,normal,common,1,69102,746fec80-5ddb-42b8-bc54-728bcd3863b3,7.16,false,false,near_mint,ru,RUB
Krydle of Baldur's Gate,AFR,Adventures in the Forgotten Realms,226,normal,uncommon,1,60292,75f4d622-2d50-4e6e-87a5-5a1cc65d6919,16.1,false,false,near_mint,ru,RUB
You See a Pair of Goblins,AFR,Adventures in the Forgotten Realms,170,normal,uncommon,1,60390,b69e7200-96ea-4455-83cc-0a497d56efe5,17.89,false,false,near_mint,ru,RUB
Green Dragon,AFR,Adventures in the Forgotten Realms,295,normal,uncommon,1,60316,8798c207-c9cf-48c5-a5cd-0cf7d392115a,23.26,false,false,near_mint,ru,RUB
Paladin Class,AFR,Adventures in the Forgotten Realms,29,normal,rare,2,60252,5bf81fb1-7992-4ae9-b1a8-80c31579a2bf,42.44,false,false,near_mint,ru,RUB
Swamp,AFR,Adventures in the Forgotten Realms,272,normal,common,1,60297,76f8def9-ee46-4abf-9059-7d1ec6f24951,17.0,false,false,near_mint,ru,RUB
Wolf,TAFR,Adventures in the Forgotten Realms Tokens,14,normal,common,1,60631,1864d5b9-7151-42f0-8d37-8c319c3ab264,14.31,false,false,near_mint,ru,RUB
The Atropal,TAFR,Adventures in the Forgotten Realms Tokens,5,normal,common,3,60743,65f8e40f-fb5e-4ab8-add3-a8b87e7bcdd9,9.97,false,false,near_mint,ru,RUB
Tomb of Annihilation,TAFR,Adventures in the Forgotten Realms Tokens,22,normal,common,3,60282,70b284bd-7a8f-4b60-8238-f746bdc5b236,9.97,false,false,near_mint,ru,RUB
Sepulcher Ghoul,AFR,Adventures in the Forgotten Realms,118,normal,common,3,60250,5b302bc8-683f-4a26-ab86-87eaa19dce4d,2.29,false,false,near_mint,ru,RUB
+2 Mace,AFR,Adventures in the Forgotten Realms,1,normal,common,4,60486,e882c9f9-bf30-46b6-bedc-379d2c80e5cb,2.97,false,false,near_mint,ru,RUB
Contact Other Plane,CLB,Commander Legends: Battle for Baldur's Gate,62,normal,common,1,69118,7b5d9323-ddf4-49b0-9d39-c2249c50f1e3,2.68,false,false,near_mint,ru,RUB
Boots of Speed,AFR,Adventures in the Forgotten Realms,133,normal,common,2,60463,db6d9913-3d4f-4f47-ba3a-6586a50ddbd7,8.25,false,false,near_mint,ru,RUB
Sylvan Shepherd,AFR,Adventures in the Forgotten Realms,206,normal,common,3,60433,c7d608fb-35b0-498e-988a-f53986b59dd2,1.71,false,false,near_mint,ru,RUB
Hobgoblin Captain,AFR,Adventures in the Forgotten Realms,148,normal,common,2,60514,f7c0aa86-fd3b-4e0f-9d37-ce1ea8922243,3.05,false,false,near_mint,ru,RUB
Dire Wolf Prowler,AFR,Adventures in the Forgotten Realms,179,normal,common,2,60231,4ab4769d-31ba-40d3-9375-494b93f01183,2.15,false,false,near_mint,ru,RUB
You Find a Cursed Idol,AFR,Adventures in the Forgotten Realms,213,normal,common,3,60497,efb5671a-942a-4730-9756-32fe600e0528,4.06,false,false,near_mint,ru,RUB
Evolving Wilds,AFR,Adventures in the Forgotten Realms,353,normal,common,1,60414,bf6069f2-7a32-4cb7-b2ab-ea6b51267cca,22.36,false,false,near_mint,ru,RUB
You Find Some Prisoners,AFR,Adventures in the Forgotten Realms,169,normal,uncommon,4,60153,0f2a95ae-feb2-42c3-99b4-9ea7a491d326,8.09,false,false,near_mint,ru,RUB
Death-Priest of Myrkul,AFR,Adventures in the Forgotten Realms,95,normal,uncommon,1,60160,126b2636-030a-4a0e-9307-54c3372afb52,15.21,false,false,near_mint,ru,RUB
Goblin Morningstar,AFR,Adventures in the Forgotten Realms,145,normal,uncommon,1,60343,998f3785-c806-4848-adcb-d89ea51159c5,9.84,false,false,near_mint,ru,RUB
True Polymorph,AFR,Adventures in the Forgotten Realms,80,normal,rare,4,60134,04a1f384-9266-425c-b739-09d74871fc7b,11.05,false,false,near_mint,ru,RUB
Bar the Gate,AFR,Adventures in the Forgotten Realms,47,foil,common,1,60401,b9b1e53f-1384-4860-9944-e68922afc65c,14.31,false,false,near_mint,ru,RUB
Swamp,AFR,Adventures in the Forgotten Realms,273,normal,common,2,58953,166fc328-20d1-4158-bcb6-3cebcf788ef5,8.67,false,false,near_mint,ru,RUB
Mountain,AFR,Adventures in the Forgotten Realms,275,normal,common,2,60472,e10e313f-ba75-4324-b1ac-f2bbae99f7ab,8.2,false,false,near_mint,ru,RUB
Skeleton,TAFR,Adventures in the Forgotten Realms Tokens,6,normal,common,3,60921,fa6fdb57-82f3-4695-b1fa-1f301ea4ef83,10.81,false,false,near_mint,ru,RUB
Lost Mine of Phandelver,TAFR,Adventures in the Forgotten Realms Tokens,21,normal,common,3,60246,59b11ff8-f118-4978-87dd-509dc0c8c932,10.81,false,false,near_mint,ru,RUB
Bulette,AFR,Adventures in the Forgotten Realms,173,normal,common,1,60174,206a9e7b-45c1-4213-8fc4-27d90e2ab0e9,1.78,false,false,near_mint,ru,RUB
Clattering Skeletons,AFR,Adventures in the Forgotten Realms,93,normal,common,2,60144,09ac0b2b-d4d3-4977-b241-7788239362de,4.79,false,false,near_mint,ru,RUB
Swarming Goblins,AFR,Adventures in the Forgotten Realms,162,normal,common,1,60260,623c1d1b-69a4-4bc4-b388-17a7600fd960,8.01,false,false,near_mint,ru,RUB
Price of Loyalty,AFR,Adventures in the Forgotten Realms,159,normal,common,2,60225,47634528-cc34-406a-8572-812a41d6a86a,3.02,false,false,near_mint,ru,RUB
Scaled Herbalist,AFR,Adventures in the Forgotten Realms,204,normal,common,1,60274,6cb05274-5a94-44e3-889a-667cba1da033,8.01,false,false,near_mint,ru,RUB
Fates' Reversal,AFR,Adventures in the Forgotten Realms,102,normal,common,1,60164,19ff3d76-e985-4d8d-837e-89360cc23824,3.56,false,false,near_mint,ru,RUB
Planar Ally,AFR,Adventures in the Forgotten Realms,31,normal,common,2,60369,a9e7457a-8ab4-4f3c-a2d8-2da4d81b7470,3.85,false,false,near_mint,ru,RUB
Air-Cult Elemental,AFR,Adventures in the Forgotten Realms,45,normal,common,3,60520,fba82564-a9a9-4ded-a5fa-0e5fab2a3faa,2.25,false,false,near_mint,ru,RUB
"Trelasarra, Moon Dancer",AFR,Adventures in the Forgotten Realms,236,normal,uncommon,2,60510,f6a4b54c-a8fa-464e-a3dd-f3f3a08606f5,20.16,false,false,near_mint,ru,RUB
Grim Wanderer,AFR,Adventures in the Forgotten Realms,107,normal,uncommon,2,60473,e339f0f7-a79d-4947-a9c4-b9a0949dd06a,4.3,false,false,near_mint,ru,RUB
Keen-Eared Sentry,AFR,Adventures in the Forgotten Realms,22,normal,uncommon,1,60468,de169d64-8242-4f57-980e-47f901fd57ab,4.45,false,false,near_mint,ru,RUB
"Volo, Guide to Monsters",AFR,Adventures in the Forgotten Realms,238,normal,rare,1,60436,c9ae01f9-7461-47b4-aa1e-93bd6ff1bf9e,24.03,false,false,near_mint,ru,RUB
Bar the Gate,AFR,Adventures in the Forgotten Realms,47,normal,common,3,60401,b9b1e53f-1384-4860-9944-e68922afc65c,4.55,false,false,near_mint,ru,RUB
Dragon's Fire,AFR,Adventures in the Forgotten Realms,139,normal,common,2,60338,9666987a-5267-46d3-9b00-31baa92a9cbc,12.93,false,false,near_mint,ru,RUB
Find the Path,AFR,Adventures in the Forgotten Realms,183,normal,common,2,60249,5afe37a0-ccc3-467a-b787-304465b38355,3.41,false,false,near_mint,ru,RUB
Precipitous Drop,AFR,Adventures in the Forgotten Realms,115,normal,common,3,60289,7293f9b4-565a-4065-940b-543f76ebecae,3.71,false,false,near_mint,ru,RUB
Minimus Containment,AFR,Adventures in the Forgotten Realms,24,normal,common,3,60135,0556f0d9-50d2-4c67-8522-de366d96500a,2.0,false,false,near_mint,ru,RUB
Manticore,AFR,Adventures in the Forgotten Realms,113,normal,common,2,60211,3b3d9117-724a-4b67-be27-142b9c283788,1.72,false,false,near_mint,ru,RUB
Underdark Basilisk,AFR,Adventures in the Forgotten Realms,208,normal,common,1,60492,ed220158-e4e3-4d46-8098-7b940a923ce9,2.67,false,false,near_mint,ru,RUB
Hoarding Ogre,AFR,Adventures in the Forgotten Realms,146,normal,common,2,60469,df39eaac-b13f-4cb3-960d-8f7a0d590663,12.94,false,false,near_mint,ru,RUB
Evolving Wilds,AFR,Adventures in the Forgotten Realms,256,normal,common,3,60284,71afb548-691d-4c72-b369-85f9b451c71d,6.5,false,false,near_mint,ru,RUB
Intrepid Outlander,AFR,Adventures in the Forgotten Realms,191,normal,uncommon,2,60194,30b00777-d921-4264-9faf-5c048b656210,3.04,false,false,near_mint,ru,RUB
Demogorgon's Clutches,AFR,Adventures in the Forgotten Realms,96,normal,uncommon,2,60244,581e7ac6-65e5-4a16-ab0b-0988c3a3cfea,6.49,false,false,near_mint,ru,RUB
Cloister Gargoyle,AFR,Adventures in the Forgotten Realms,302,normal,uncommon,1,60373,ab380bf5-2202-4098-b850-2cb660ec5351,6.23,false,false,near_mint,ru,RUB
Forest,AFR,Adventures in the Forgotten Realms,279,normal,common,1,60371,aab1cc13-8959-4914-afe8-58daf9529f61,10.68,false,false,near_mint,ru,RUB
Inspiring Bard,AFR,Adventures in the Forgotten Realms,189,normal,common,2,60147,0b33db66-d205-4164-b168-6084df562ebb,2.99,false,false,near_mint,ru,RUB
Dwarfhold Champion,AFR,Adventures in the Forgotten Realms,14,normal,common,2,60179,2404a028-05f5-469b-80e0-e820721ff266,2.1,false,false,near_mint,ru,RUB
Charmed Sleep,AFR,Adventures in the Forgotten Realms,50,normal,common,3,60221,4238ad00-af9c-4535-a589-c5afb0d2ec57,1.7,false,false,near_mint,ru,RUB
Armory Veteran,AFR,Adventures in the Forgotten Realms,130,normal,common,4,60218,4177f57e-c239-47e8-ae50-5f593f6d54ec,1.69,false,false,near_mint,ru,RUB
Celestial Unicorn,AFR,Adventures in the Forgotten Realms,5,normal,common,1,60502,f2d68812-8862-4e34-a992-7d6bbadaf316,9.79,false,false,near_mint,ru,RUB
You Hear Something on Watch,AFR,Adventures in the Forgotten Realms,42,normal,common,4,60296,76e939ab-9d0c-4685-805c-c8bc4e6af163,2.34,false,false,near_mint,ru,RUB
Druid Class,AFR,Adventures in the Forgotten Realms,180,normal,uncommon,1,60142,09278e95-eaae-4cd4-a0d8-a2d15b0abb58,293.69,false,false,near_mint,ru,RUB
Split the Party,AFR,Adventures in the Forgotten Realms,76,normal,uncommon,1,60291,743a0a96-f90a-4852-9a92-848795518e0a,7.12,false,false,near_mint,ru,RUB
White Dragon,AFR,Adventures in the Forgotten Realms,41,normal,uncommon,1,60177,21e290c4-6c94-472a-9dec-6994aade29c2,8.01,false,false,near_mint,ru,RUB
The Book of Exalted Deeds,AFR,Adventures in the Forgotten Realms,4,normal,mythic,1,60359,a1899bb1-dd8e-4437-8ea3-4ad637eabf2b,497.5,false,false,near_mint,ru,RUB
Gnoll Hunter,AFR,Adventures in the Forgotten Realms,185,foil,common,1,60169,1d0634cb-e973-4f05-965e-d39b09fe57a9,5.34,false,false,near_mint,ru,RUB
Forest,AFR,Adventures in the Forgotten Realms,281,normal,common,2,59042,ee856e7a-37ee-435c-80e8-d0ac6f15892f,6.02,false,false,near_mint,ru,RUB
Crash Through,M21,Core Set 2021,140,normal,common,1,50878,8257c205-00cd-4d41-bd58-098575ea2343,6.84,false,false,near_mint,ru,RUB
Spined Megalodon,M21,Core Set 2021,72,normal,common,2,50842,6d42d3dd-29df-44a1-89b8-994761eda77d,4.27,false,false,near_mint,ru,RUB
Duress,M21,Core Set 2021,96,normal,common,1,50797,49c07ea0-27ff-46fb-a41f-3e378c977b5d,4.27,false,false,near_mint,ru,RUB
Life Goes On,M21,Core Set 2021,192,normal,common,1,50766,3888197f-5da4-4413-9cad-b37a12ba1e60,3.42,false,false,near_mint,ru,RUB
Goblin Arsonist,M21,Core Set 2021,147,normal,common,1,51082,fa4bf664-3b92-4598-b905-2bc090958c8b,2.56,false,false,near_mint,ru,RUB
Vodalian Arcanist,M21,Core Set 2021,83,normal,common,1,50933,a52e90c0-b012-4ce5-8462-1e33c7143de5,1.71,false,false,near_mint,ru,RUB
Skeleton Archer,M21,Core Set 2021,123,normal,common,1,51091,fcb8d414-7f80-4a61-a0f2-0f16bf53e1b9,3.42,false,false,near_mint,ru,RUB
Revitalize,M21,Core Set 2021,31,normal,common,1,50928,a3bd4bce-8ab0-40b9-aad7-7d57a011bb0b,3.42,false,false,near_mint,ru,RUB
Warded Battlements,M21,Core Set 2021,44,normal,common,2,51068,f234999b-54e9-40f5-a537-7d6ce169c710,2.56,false,false,near_mint,ru,RUB
Scorching Dragonfire,M21,Core Set 2021,158,normal,common,1,50939,a9a1cce7-1472-42fc-bfd3-c9ed9e563f03,3.42,false,false,near_mint,ru,RUB
Sanctum of Shattered Heights,M21,Core Set 2021,157,normal,uncommon,1,50794,482ae7f4-3950-4766-8392-eea753e29426,19.66,false,false,near_mint,ru,RUB
Rewind,M21,Core Set 2021,63,normal,uncommon,1,50966,b832abcc-9ffd-47bf-827a-01b303c610ee,23.08,false,false,near_mint,ru,RUB
Fungal Rebirth,M21,Core Set 2021,182,normal,uncommon,1,50783,4037e3b2-cb62-4f88-943d-3edcd6827c23,9.4,false,false,near_mint,ru,RUB
Animal Sanctuary,M21,Core Set 2021,242,normal,rare,1,51079,f8d7a2c7-666d-4fc6-bac8-ef8eb66e355d,186.39,false,false,near_mint,ru,RUB
Island,M21,Core Set 2021,265,normal,common,1,50693,0600d6d5-f6a1-47c3-a898-733fab10bbf5,5.13,false,false,near_mint,ru,RUB
Soldier,TM21,Core Set 2021 Tokens,5,normal,common,3,50725,1bdb2914-bba2-4cb6-802e-af2aeef46de8,17.0,false,false,near_mint,ru,RUB
Blood Glutton,M21,Core Set 2021,90,normal,common,1,50743,28ff52a2-4223-4551-b388-b4dd21cc1437,4.27,false,false,near_mint,ru,RUB
Return to Nature,M21,Core Set 2021,200,normal,common,2,50780,3f1b4490-d96d-4448-835b-6cc453c1f344,11.44,false,false,near_mint,ru,RUB
Burn Bright,M21,Core Set 2021,134,normal,common,2,51065,f19b4a80-41e1-4c5f-869a-682f08543f12,2.96,false,false,near_mint,ru,RUB
Cancel,M21,Core Set 2021,46,normal,common,2,50818,59e14910-ee2e-49ae-855e-46a8ab6cad82,6.78,false,false,near_mint,ru,RUB
Grasp of Darkness,M21,Core Set 2021,102,normal,common,1,50859,7737b578-8ae3-4846-b508-93ef40f25244,5.13,false,false,near_mint,ru,RUB
Pitchburn Devils,M21,Core Set 2021,156,normal,common,1,51085,fbd306cf-6625-4414-b9e5-4b909bb1bb13,2.56,false,false,near_mint,ru,RUB
Heartfire Immolator,M21,Core Set 2021,150,normal,uncommon,1,50883,869fb9f1-0d59-4874-aa52-ac665c3cc0e8,5.13,false,false,near_mint,ru,RUB
Lorescale Coatl,M21,Core Set 2021,221,normal,uncommon,1,50774,3be31fb0-115e-4e62-babd-16870f249f06,4.27,false,false,near_mint,ru,RUB
Liliana's Devotee,M21,Core Set 2021,109,normal,uncommon,1,50951,ae5d7f15-a86f-4eaa-8280-2e7f73c8ce3a,5.13,false,false,near_mint,ru,RUB
"Mangara, the Diplomat",M21,Core Set 2021,27,normal,mythic,1,50907,9b4e628f-5fc5-4c17-a07d-448d361d7e7c,112.0,false,false,near_mint,ru,RUB
"Garruk, Unleashed",M21,Core Set 2021,183,foil,mythic,1,50954,af2fdbec-bca2-4af5-9c2a-28b0b35b18a3,77.8,false,false,near_mint,ru,RUB
Tranquil Cove,M21,Core Set 2021,258,normal,common,1,50710,0fee9b4b-1510-4b78-bdde-2e0bb319ee33,6.84,false,false,near_mint,ru,RUB
Turn to Slag,M21,Core Set 2021,168,normal,common,1,50767,38c18541-e95e-4ae0-be18-3bfcafa24ca2,1.71,false,false,near_mint,ru,RUB
The Book of Vile Darkness,PAFR,Adventures in the Forgotten Realms Promos,91s,foil,mythic,1,61086,c2711992-84e8-409a-ad4a-25f69d0c4e06,156.24,false,false,near_mint,ru,RUB
Goblin,TAFR,Adventures in the Forgotten Realms Tokens,12,foil,common,1,60627,1425e965-7eea-419c-a7ec-c8169fa9edbf,14.28,false,false,near_mint,ru,RUB
Lost Mine of Phandelver,TAFR,Adventures in the Forgotten Realms Tokens,21,foil,common,1,60246,59b11ff8-f118-4978-87dd-509dc0c8c932,15.96,false,false,near_mint,ru,RUB
Skeleton,TAFR,Adventures in the Forgotten Realms Tokens,6,foil,common,1,60921,fa6fdb57-82f3-4695-b1fa-1f301ea4ef83,15.96,false,false,near_mint,ru,RUB
Tomb of Annihilation,TAFR,Adventures in the Forgotten Realms Tokens,22,foil,common,1,60282,70b284bd-7a8f-4b60-8238-f746bdc5b236,15.12,false,false,near_mint,ru,RUB
The Atropal,TAFR,Adventures in the Forgotten Realms Tokens,5,foil,common,1,60743,65f8e40f-fb5e-4ab8-add3-a8b87e7bcdd9,15.12,false,false,near_mint,ru,RUB
Destructive Tampering,M21,Core Set 2021,141,normal,common,1,50975,bfe6a3a9-8d62-47c4-a78b-9baa9133a540,2.52,false,false,near_mint,ru,RUB
Rise Again,M21,Core Set 2021,119,normal,common,1,50837,660ec88f-2063-404a-853e-c985e21d17b0,5.04,false,false,near_mint,ru,RUB
Gnarled Sage,M21,Core Set 2021,187,normal,common,1,50829,5f22116a-8b6a-4bbe-999f-7329e1e2b2d9,1.68,false,false,near_mint,ru,RUB
Garruk's Gorehorn,M21,Core Set 2021,184,normal,common,1,50768,3928bbce-87b7-4b28-9af4-20362935c909,3.36,false,false,near_mint,ru,RUB
Basri's Acolyte,M21,Core Set 2021,8,normal,common,1,50698,08d1dd97-2675-4953-ab95-d47d23abfe05,1.68,false,false,near_mint,ru,RUB
Rousing Read,M21,Core Set 2021,67,normal,common,1,50989,c82be2ca-8350-4cf5-83b6-e8b60a9e21c6,3.36,false,false,near_mint,ru,RUB
Havoc Jester,M21,Core Set 2021,149,normal,uncommon,1,50765,386e5cb2-39c8-453d-a642-c5d9f8495601,2.52,false,false,near_mint,ru,RUB
Conclave Mentor,M21,Core Set 2021,216,normal,uncommon,1,50926,a328a93a-e720-46d5-a190-cc65d1c90cea,21.0,false,false,near_mint,ru,RUB
Wildwood Scourge,M21,Core Set 2021,214,normal,uncommon,1,50792,46ff0b33-d153-4b0e-ac48-7e5ed70dea09,6.72,false,false,near_mint,ru,RUB
Stormwing Entity,M21,Core Set 2021,73,normal,rare,1,50692,0540ee72-6370-4f70-9526-6f441b3cac1e,19.32,false,false,near_mint,ru,RUB
Gloom Sower,M21,Core Set 2021,100,foil,common,1,50921,a1b4f7ec-ea2e-4d90-98cd-0c92bd9f64c1,15.12,false,false,near_mint,ru,RUB
Bloodfell Caves,M21,Core Set 2021,243,normal,common,1,50827,5d89a0e2-1163-4a11-b0df-deef2e6c8108,5.04,false,false,near_mint,ru,RUB
Farideh's Fireball,AFR,Adventures in the Forgotten Realms,142,normal,common,2,60243,57a46987-f05a-4b83-af56-f18000874e65,4.59,false,false,near_mint,ru,RUB
Elturgard Ranger,AFR,Adventures in the Forgotten Realms,182,normal,common,3,60509,f6898737-957f-44a6-bef7-fb196658176f,1.39,false,false,near_mint,ru,RUB
Zombie Ogre,AFR,Adventures in the Forgotten Realms,129,normal,common,2,60451,d4dbed36-190c-4748-b282-409a2fb5d134,1.68,false,false,near_mint,ru,RUB
Gloom Stalker,AFR,Adventures in the Forgotten Realms,16,normal,common,4,60209,388722ad-dcc6-41b9-afd8-a93be91b30e0,0.83,false,false,near_mint,ru,RUB
Arborea Pegasus,AFR,Adventures in the Forgotten Realms,2,normal,common,3,60521,fc45c9d4-ecc7-4a9d-9efe-f4b7d697dd97,4.44,false,false,near_mint,ru,RUB
Rimeshield Frost Giant,AFR,Adventures in the Forgotten Realms,69,normal,common,3,60295,767b499e-3bdb-4809-b430-6e965bd100d4,2.51,false,false,near_mint,ru,RUB
Spare Dagger,AFR,Adventures in the Forgotten Realms,250,normal,common,4,60374,ab6b0291-00f8-45bf-9f3a-ee43739c2b77,1.66,false,false,near_mint,ru,RUB
Displacer Beast,AFR,Adventures in the Forgotten Realms,54,normal,uncommon,2,60336,95d5c36c-bcc8-459c-9f4b-b265ccdb1f06,3.34,false,false,near_mint,ru,RUB
Warlock Class,AFR,Adventures in the Forgotten Realms,125,normal,uncommon,1,60395,b7faf899-96b7-454e-b634-6684c2d72f26,10.06,false,false,near_mint,ru,RUB
Magic Missile,AFR,Adventures in the Forgotten Realms,154,normal,uncommon,2,60434,c814ac58-8826-48cd-8209-4af6803866e3,8.34,false,false,near_mint,ru,RUB
Mordenkainen,AFR,Adventures in the Forgotten Realms,283,normal,mythic,1,60368,a8df51c3-cd9c-45eb-ac70-d13976e0e1c4,133.36,false,false,near_mint,ru,RUB
Potion of Healing,AFR,Adventures in the Forgotten Realms,34,foil,common,1,60454,d5edb608-c7d7-4fa9-b969-262c9789fc17,10.9,false,false,near_mint,ru,RUB
Plains,AFR,Adventures in the Forgotten Realms,263,normal,common,1,60519,fb4f4abf-841b-4fae-9a53-505a2f8dc1ff,7.55,false,false,near_mint,ru,RUB
Spider,TAFR,Adventures in the Forgotten Realms Tokens,7,normal,common,1,60624,124e0b03-d9fb-44f1-9e3c-3462aabdd42e,25.16,false,false,near_mint,ru,RUB
Island,AFR,Adventures in the Forgotten Realms,268,normal,common,2,60325,8d04a06f-06a7-410d-a714-3b8b96ee3319,10.06,false,false,near_mint,ru,RUB
You See a Guard Approach,AFR,Adventures in the Forgotten Realms,85,normal,common,3,60195,30c5fd8e-753a-45e1-bcdd-fb6e072ffbb0,8.63,false,false,near_mint,ru,RUB
You Find the Villains' Lair,AFR,Adventures in the Forgotten Realms,84,normal,common,2,60430,c6704458-6e9e-4795-a56d-25b68fbf9672,11.69,false,false,near_mint,ru,RUB
Gnoll Hunter,AFR,Adventures in the Forgotten Realms,185,normal,common,1,60169,1d0634cb-e973-4f05-965e-d39b09fe57a9,2.52,false,false,near_mint,ru,RUB
Grim Bounty,AFR,Adventures in the Forgotten Realms,106,normal,common,3,60400,b98e0ab1-dea8-492b-a712-2057f2b1d020,3.06,false,false,near_mint,ru,RUB
Wandering Troubadour,AFR,Adventures in the Forgotten Realms,210,normal,uncommon,1,60449,d3c7f123-31c8-469b-85e5-d20c4d21b2a0,2.52,false,false,near_mint,ru,RUB
"Kalain, Reclusive Painter",AFR,Adventures in the Forgotten Realms,225,normal,uncommon,1,60476,e45e9552-7737-4c61-89b0-5a3bec3c8f34,13.42,false,false,near_mint,ru,RUB
Guild Thief,AFR,Adventures in the Forgotten Realms,61,normal,uncommon,1,60523,fd4348ec-fdb1-4c3b-bec5-42513c6c0662,2.52,false,false,near_mint,ru,RUB
Lair of the Hydra,AFR,Adventures in the Forgotten Realms,356,normal,rare,1,60346,9c10d359-543a-4d2e-9bbe-23f93a14aa2d,142.58,false,false,near_mint,ru,RUB
Leather Armor,AFR,Adventures in the Forgotten Realms,248,normal,common,1,60479,e62d4e76-cdb0-48c7-aa1c-b1f514057b68,5.87,false,false,near_mint,ru,RUB
Neverwinter Dryad,AFR,Adventures in the Forgotten Realms,329,normal,common,1,60127,01234d4c-ff3d-40a8-8404-9790d3ee3620,1.68,false,false,near_mint,ru,RUB
Veteran Dungeoneer,AFR,Adventures in the Forgotten Realms,40,normal,common,5,60458,d8fe33b3-afaf-4a98-ae64-7d7e0eabe993,2.5,false,false,near_mint,ru,RUB
Blink Dog,AFR,Adventures in the Forgotten Realms,300,normal,uncommon,1,60235,4fcf1082-25ac-4537-9fd9-631f834097ad,8.39,false,false,near_mint,ru,RUB
Dungeon Crawler,AFR,Adventures in the Forgotten Realms,99,normal,uncommon,3,60217,4138b66d-cf18-42a5-8522-241bd3969624,3.61,false,false,near_mint,ru,RUB
Green Dragon,AFR,Adventures in the Forgotten Realms,186,normal,uncommon,2,60222,45804134-cc04-4587-9674-2c884964083d,9.18,false,false,near_mint,ru,RUB
Hunter's Mark,AFR,Adventures in the Forgotten Realms,188,foil,uncommon,1,60259,62023c58-8b94-4a81-a259-a047e1edd342,6.71,false,false,near_mint,ru,RUB
Treasure,TAFR,Adventures in the Forgotten Realms Tokens,15,normal,common,3,60815,a3a684b7-27e0-4d9e-a064-9e03c6e50c89,16.94,false,false,near_mint,ru,RUB
Bull's Strength,AFR,Adventures in the Forgotten Realms,174,normal,common,1,60143,092cab70-c771-4c96-a5ce-22f2e32e3ea8,1.68,false,false,near_mint,ru,RUB
Delver's Torch,AFR,Adventures in the Forgotten Realms,10,normal,common,3,60237,53df7b80-71bf-4013-ad44-f76eae8ac81b,3.61,false,false,near_mint,ru,RUB
Contact Other Plane,AFR,Adventures in the Forgotten Realms,52,normal,common,2,60364,a6fefb38-c6f2-43c4-a6b9-ac82f8827bc2,2.08,false,false,near_mint,ru,RUB
Power of Persuasion,AFR,Adventures in the Forgotten Realms,67,normal,uncommon,2,60327,8d84cb72-d0a0-4af0-aded-47e5fb7addef,5.42,false,false,near_mint,ru,RUB
Bag of Holding,AFR,Adventures in the Forgotten Realms,240,normal,uncommon,2,60276,6ea5e4e9-491b-4c80-8801-f4cd5225c601,8.33,false,false,near_mint,ru,RUB
"Zalto, Fire Giant Duke",AFR,Adventures in the Forgotten Realms,171,normal,rare,1,60348,9c6da066-accb-4c09-9acb-4de263dadad3,10.06,false,false,near_mint,ru,RUB
Forest,AFR,Adventures in the Forgotten Realms,278,normal,common,1,60391,b6a46b11-3225-45aa-b54e-4d19d81b51cf,10.9,false,false,near_mint,ru,RUB
Shortcut Seeker,AFR,Adventures in the Forgotten Realms,73,normal,common,2,60159,122d2635-c4f4-44cd-8f82-37e3016e421e,1.67,false,false,near_mint,ru,RUB
Earth-Cult Elemental,AFR,Adventures in the Forgotten Realms,141,normal,common,3,60518,fa05f317-b2f8-4eea-951b-0c374774764b,7.78,false,false,near_mint,ru,RUB
Plummet,AFR,Adventures in the Forgotten Realms,199,normal,common,2,60234,4be85ceb-be98-43ce-9565-a72990797437,1.67,false,false,near_mint,ru,RUB
Djinni Windseer,AFR,Adventures in the Forgotten Realms,55,normal,common,1,60265,67a42698-bf3b-4352-8178-9c98abfc5b09,1.68,false,false,near_mint,ru,RUB
Wild Shape,AFR,Adventures in the Forgotten Realms,212,normal,uncommon,2,60491,ec9738f1-b2e7-45a5-b235-290256aabed0,7.09,false,false,near_mint,ru,RUB
Chaos Channeler,AFR,Adventures in the Forgotten Realms,136,normal,uncommon,1,60303,7b9bb587-f732-42c9-a2a7-152629889997,13.42,false,false,near_mint,ru,RUB
You Hear Something on Watch,AFR,Adventures in the Forgotten Realms,42,foil,common,1,60296,76e939ab-9d0c-4685-805c-c8bc4e6af163,6.71,false,false,near_mint,ru,RUB
Brazen Dwarf,AFR,Adventures in the Forgotten Realms,134,normal,common,1,60205,3658e65b-df54-4327-9104-c2f3dd65df85,14.26,false,false,near_mint,ru,RUB
Spoils of the Hunt,AFR,Adventures in the Forgotten Realms,205,normal,common,2,60157,10dfdfd4-8621-40ef-a60f-74e9c107bbaf,0.83,false,false,near_mint,ru,RUB
Eyes of the Beholder,AFR,Adventures in the Forgotten Realms,101,normal,common,2,60216,3f9e5402-690f-497d-ada3-aa41fa900fdd,2.91,false,false,near_mint,ru,RUB
Clever Conjurer,AFR,Adventures in the Forgotten Realms,51,normal,common,1,60399,b9784c97-3839-4a4b-ae8a-965844dbeb70,5.03,false,false,near_mint,ru,RUB
Mimic,AFR,Adventures in the Forgotten Realms,349,normal,common,1,60380,b059c316-2be1-4f66-9888-d31714280a5e,5.03,false,false,near_mint,ru,RUB
Baleful Beholder,AFR,Adventures in the Forgotten Realms,89,normal,common,1,60477,e52d6ef6-d8a3-4288-8917-4c0a179ed4e0,3.35,false,false,near_mint,ru,RUB
Dragon's Disciple,AFR,Adventures in the Forgotten Realms,13,normal,uncommon,2,60351,9e5e6b78-3e99-49f5-9eaf-bbb2e9789fbe,4.18,false,false,near_mint,ru,RUB
Portable Hole,AFR,Adventures in the Forgotten Realms,33,normal,uncommon,1,58992,80fca8c0-ae3e-439e-b202-228b9f360e9a,48.65,false,false,near_mint,ru,RUB
Blue Dragon,AFR,Adventures in the Forgotten Realms,49,normal,uncommon,2,60342,98dea71b-2778-4374-8ea2-7fa82f0f6110,10.02,false,false,near_mint,ru,RUB
The Deck of Many Things,AFR,Adventures in the Forgotten Realms,241,normal,mythic,1,60524,feddbdc6-0757-43cb-bb41-dc83c6cf42ea,429.43,false,false,near_mint,ru,RUB
Cat,TFDN,Foundations Tokens,1,normal,common,1,101490,2885d54c-9fb2-4f01-8937-54f8ac1ce5bc,,false,false,near_mint,ru,RUB
Elf Warrior,TFDN,Foundations Tokens,19,normal,common,1,101497,315c45f4-7bc9-45d5-bbf5-2533cf80af60,,false,false,near_mint,ru,RUB
Treasure,TFDN,Foundations Tokens,23,normal,common,2,101484,21210145-8edd-41f5-9a64-9f0b5be79864,,false,false,near_mint,ru,RUB
Goblin,TFDN,Foundations Tokens,18,normal,common,2,101544,70f8a1de-cd4c-4afa-bf03-0245d375d42e,,false,false,near_mint,ru,RUB
Zombie,TFDN,Foundations Tokens,15,normal,common,2,101612,e29a360b-11fd-42ba-82ba-de8f7e136c20,,false,false,near_mint,ru,RUB
Faerie,TFDN,Foundations Tokens,9,normal,common,2,101600,d1c0556e-ba3c-4a8e-b704-8eaa7c4dba1c,,false,false,near_mint,ru,RUB
Angelic Edict,FDN,Foundations,490,normal,common,1,97190,c0bf349e-2974-4aea-a5c0-fdaea77325cc,31.9,false,false,near_mint,ru,RUB
Elspeth's Smite,FDN,Foundations,493,normal,uncommon,1,97186,b405a442-cf6f-4c0b-9950-f208b30c052e,151.11,false,false,near_mint,ru,RUB
Felidar Savior,FDN,Foundations,12,normal,common,1,97191,cd092b14-d72f-4de0-8f19-1338661b9e3b,1.68,false,false,near_mint,ru,RUB
Helpful Hunter,FDN,Foundations,16,normal,common,1,97172,1b9a0e91-80b5-428f-8f08-931d0631be14,14.27,false,false,near_mint,ru,RUB
Ingenious Leonin,FDN,Foundations,495,normal,uncommon,1,97192,ea566679-4202-4076-9314-142241485f6e,19.31,false,false,near_mint,ru,RUB
Jazal Goldmane,FDN,Foundations,497,normal,rare,1,97178,5aa8f635-c638-4207-8631-f6b5185f8696,38.62,false,false,near_mint,ru,RUB
Leonin Skyhunter,FDN,Foundations,498,normal,uncommon,1,97173,218e0009-5f11-4348-97b8-4bc7b41f80b8,44.49,false,false,near_mint,ru,RUB
Leonin Vanguard,FDN,Foundations,499,normal,uncommon,1,97171,17b25850-f1bd-4410-beec-603b2a77f264,41.97,false,false,near_mint,ru,RUB
Moment of Triumph,FDN,Foundations,500,normal,common,1,97183,911deea0-38d2-41d9-a2ae-fb8eb45b2c23,36.1,false,false,near_mint,ru,RUB
Pacifism,FDN,Foundations,501,normal,common,1,97181,839160d2-44a3-4566-be9d-558d043beac8,15.95,false,false,near_mint,ru,RUB
Plains,FDN,Foundations,273,normal,common,3,97175,37edc4b5-75f5-4b43-a57e-a8192565a2a0,5.04,false,false,near_mint,ru,RUB
Plains,FDN,Foundations,272,normal,common,4,100486,4ef17ed4-a9b5-4b8e-b4cb-2ecb7e5898c3,8.39,false,false,near_mint,ru,RUB
Prideful Parent,FDN,Foundations,21,normal,common,1,97188,b742117a-8a72-43b9-b05d-274829d138a2,2.52,false,false,near_mint,ru,RUB
Savannah Lions,FDN,Foundations,146,normal,uncommon,1,97184,9c9ac1bc-cdf3-4fa6-8319-a7ea164e9e47,4.2,false,false,near_mint,ru,RUB
Bloodtithe Collector,FDN,Foundations,516,normal,uncommon,1,97193,ff16d951-dd85-4d22-9505-ce6e2eaf47cf,22.67,false,false,near_mint,ru,RUB
Crossway Troublemakers,FDN,Foundations,518,normal,rare,1,97167,03a5e19c-4cb8-4bd7-923c-4db747dc6ca3,20.15,false,false,near_mint,ru,RUB
Hero's Downfall,FDN,Foundations,175,normal,uncommon,1,97185,ad2c01d9-8f54-46c0-9dc9-d4d4764ce1c9,9.23,false,false,near_mint,ru,RUB
Highborn Vampire,FDN,Foundations,522,normal,common,1,97177,53c56a23-eb4f-4be1-ada9-1ad5b80195d3,12.59,false,false,near_mint,ru,RUB
Moment of Craving,FDN,Foundations,524,normal,common,1,97174,3627f9fb-b828-49cd-887d-e2ab3ef43dfb,6.72,false,false,near_mint,ru,RUB
Offer Immortality,FDN,Foundations,525,normal,common,1,97180,6d5802ed-507d-4a52-90e3-d989cd61961b,20.15,false,false,near_mint,ru,RUB
Stromkirk Bloodthief,FDN,Foundations,185,normal,uncommon,1,97176,485d6a5a-2054-47d5-91b8-71ce308ed4dc,4.2,false,false,near_mint,ru,RUB
Swamp,FDN,Foundations,277,normal,common,3,97169,13505c15-14e0-4200-82bd-fb9bce949e68,15.11,false,false,near_mint,ru,RUB
Swamp,FDN,Foundations,276,normal,common,4,100329,319bc1f0-ee42-44e5-b08b-735613ded2ba,5.88,false,false,near_mint,ru,RUB
Untamed Hunger,FDN,Foundations,529,normal,common,1,97168,05937911-897b-4638-9536-2e463884f453,16.79,false,false,near_mint,ru,RUB
Vampire Interloper,FDN,Foundations,530,normal,common,1,97179,65455d94-487c-4104-a1a0-149515a90eaa,12.59,false,false,near_mint,ru,RUB
Vampire Neonate,FDN,Foundations,531,normal,common,1,97182,86d64a1d-cda4-4c76-8d58-ccab5a6859a0,43.65,false,false,near_mint,ru,RUB
Vampire Spawn,FDN,Foundations,532,normal,common,1,97187,b6fc8d2e-ad63-498d-83b6-5f72b5ae0e67,23.51,false,false,near_mint,ru,RUB
Vengeful Bloodwitch,FDN,Foundations,76,normal,uncommon,1,97189,bd0c12dd-f138-45c0-9614-d83a1d8e8399,28.54,false,false,near_mint,ru,RUB
Hoard Robber,AFR,Adventures in the Forgotten Realms,110,normal,common,4,60393,b723d9cd-05f5-4894-9f2b-52a434a3019c,7.47,false,false,near_mint,ru,RUB
Neverwinter Dryad,AFR,Adventures in the Forgotten Realms,195,normal,common,2,60480,e64d7cc7-bbdd-4db3-906e-a2f7672e0f67,4.15,false,false,near_mint,ru,RUB
"Orcus, Prince of Undeath",AFR,Adventures in the Forgotten Realms,229,normal,rare,2,60333,91f5c6d3-fb04-4a2e-87b6-9ed2314085a8,18.26,false,false,near_mint,ru,RUB
Kick in the Door,AFR,Adventures in the Forgotten Realms,153,normal,common,2,60178,222102d0-fed3-41fd-87b0-f6d22766d7fd,4.15,false,false,near_mint,ru,RUB
Skullport Merchant,AFR,Adventures in the Forgotten Realms,120,normal,uncommon,1,60190,2bbb8865-dc37-4d56-9a2d-a92f7462c338,7.47,false,false,near_mint,ru,RUB
Drider,AFR,Adventures in the Forgotten Realms,98,normal,uncommon,1,60408,bbc06a88-1eb6-4edb-8f03-d8274560cc41,14.11,false,false,near_mint,ru,RUB
Plains,AFR,Adventures in the Forgotten Realms,262,normal,common,1,60317,879f7f54-25a3-440b-848d-0e780277a681,7.47,false,false,near_mint,ru,RUB
Ochre Jelly,AFR,Adventures in the Forgotten Realms,196,normal,rare,1,60354,9f23cfb7-c6b6-4f04-abba-5b2a6117ea12,27.39,false,false,near_mint,ru,RUB
Arborea Pegasus,AFR,Adventures in the Forgotten Realms,299,normal,common,1,60273,6bf942df-d30b-4d1b-8a46-bca4abaeb147,3.32,false,false,near_mint,ru,RUB
Steadfast Paladin,AFR,Adventures in the Forgotten Realms,38,normal,common,1,60360,a2c06b6e-faf5-467d-bfe1-9ff00be9e2f5,1.66,false,false,near_mint,ru,RUB
Spiked Pit Trap,AFR,Adventures in the Forgotten Realms,251,normal,common,1,60247,59fbf45a-23b4-4d06-abd9-4cc3895cb29d,2.49,false,false,near_mint,ru,RUB
Hired Hexblade,AFR,Adventures in the Forgotten Realms,109,normal,common,2,60418,c23cbf01-90d0-4962-92d5-5e1566e8ef4b,1.66,false,false,near_mint,ru,RUB
Half-Elf Monk,AFR,Adventures in the Forgotten Realms,19,normal,common,1,60498,f10f1687-fb20-4ad2-bad7-52e4470b35e4,4.15,false,false,near_mint,ru,RUB
Dueling Rapier,AFR,Adventures in the Forgotten Realms,140,normal,common,2,60421,c304118a-c83b-490a-b0e2-721734a996ee,4.98,false,false,near_mint,ru,RUB
Herald of Hadar,AFR,Adventures in the Forgotten Realms,108,normal,common,2,60404,baa74204-2593-4468-856d-a5791336126a,3.32,false,false,near_mint,ru,RUB
Clattering Skeletons,AFR,Adventures in the Forgotten Realms,312,normal,common,1,60156,1090e40c-c04b-4ee2-aa12-1575f896d31a,2.49,false,false,near_mint,ru,RUB
Feywild Trickster,AFR,Adventures in the Forgotten Realms,58,normal,uncommon,2,60435,c93e0296-69e0-45e0-a1c2-0214a53c52d0,8.3,false,false,near_mint,ru,RUB
Barrowin of Clan Undurr,AFR,Adventures in the Forgotten Realms,336,normal,uncommon,1,60210,38ce406d-8253-48f8-a146-8302518c5187,6.64,false,false,near_mint,ru,RUB
Forsworn Paladin,AFR,Adventures in the Forgotten Realms,104,normal,rare,1,60232,4acaf396-f950-42da-85ab-149ffb31fee6,20.75,false,false,near_mint,ru,RUB
Improvised Weaponry,AFR,Adventures in the Forgotten Realms,150,normal,common,3,60185,29d5fd00-c616-4079-a91e-4da0bcaf9120,1.66,false,false,near_mint,ru,RUB
You Meet in a Tavern,AFR,Adventures in the Forgotten Realms,215,normal,uncommon,1,60245,593aa59a-4025-4df8-9f27-188fc7712fde,6.64,false,false,near_mint,ru,RUB
Long Rest,AFR,Adventures in the Forgotten Realms,193,normal,rare,1,60137,0615e930-3b6b-4b2f-a09c-0730d491545c,10.79,false,false,near_mint,ru,RUB
Gretchen Titchwillow,AFR,Adventures in the Forgotten Realms,223,normal,uncommon,1,60213,3c8b248e-1460-4650-9721-85c134c21b89,13.28,false,false,near_mint,ru,RUB
Devoted Paladin,AFR,Adventures in the Forgotten Realms,11,normal,common,1,60204,3620ed96-1d15-4942-b9e5-9f9a64b0cab4,3.32,false,false,near_mint,ru,RUB
Mordenkainen's Polymorph,AFR,Adventures in the Forgotten Realms,65,normal,common,2,60387,b6551442-d74c-4f16-a9de-0cfdc88208a5,2.49,false,false,near_mint,ru,RUB
Mimic,AFR,Adventures in the Forgotten Realms,249,normal,common,3,60350,9da96aab-cf84-4150-b9d0-a4b84fcf585f,1.66,false,false,near_mint,ru,RUB
Rimeshield Frost Giant,AFR,Adventures in the Forgotten Realms,310,normal,common,1,60493,ed6f1fc7-be88-46a3-8bd9-3f16332c2bd8,2.49,false,false,near_mint,ru,RUB
You're Ambushed on the Road,AFR,Adventures in the Forgotten Realms,43,normal,common,1,60287,726da84a-fdd4-46df-8ba4-f94d582bcce4,3.32,false,false,near_mint,ru,RUB
Soulknife Spy,AFR,Adventures in the Forgotten Realms,75,normal,common,2,60133,045c7c23-d418-42f0-b497-50c39e5321ad,2.49,false,false,near_mint,ru,RUB
Ingenious Smith,AFR,Adventures in the Forgotten Realms,21,normal,uncommon,1,60188,2ad29773-7c1b-410d-9f69-7aa751f6ebca,14.11,false,false,near_mint,ru,RUB
Blink Dog,AFR,Adventures in the Forgotten Realms,3,normal,uncommon,2,60439,cc040492-7fb7-4fdb-aafe-8179e5f2b28c,7.47,false,false,near_mint,ru,RUB
Drizzt Do'Urden,AFR,Adventures in the Forgotten Realms,220,normal,rare,1,60224,46e3259e-93c2-48c0-8b96-835cdb883383,19.09,false,false,near_mint,ru,RUB
Dawnbringer Cleric,AFR,Adventures in the Forgotten Realms,9,normal,common,1,60416,c00856f7-fef5-4ba5-9079-59a81d452c82,17.43,false,false,near_mint,ru,RUB
Goblin Javelineer,AFR,Adventures in the Forgotten Realms,144,normal,common,2,60448,d32b3f1b-40cb-413d-adb9-0809e4a2abdd,5.81,false,false,near_mint,ru,RUB
You Come to the Gnoll Camp,AFR,Adventures in the Forgotten Realms,168,normal,common,1,60151,0e893613-423e-409b-9334-292bd252405b,2.49,false,false,near_mint,ru,RUB
Divine Smite,AFR,Adventures in the Forgotten Realms,12,normal,uncommon,1,60272,6b8d0852-4df3-4b29-830d-c6975265ef53,3.32,false,false,near_mint,ru,RUB
Wizard's Spellbook,AFR,Adventures in the Forgotten Realms,82,normal,rare,1,60392,b6ed0a4c-0234-4341-8dcb-5eea6a9632e7,19.09,false,false,near_mint,ru,RUB
Island,AFR,Adventures in the Forgotten Realms,267,normal,common,1,60184,29d575fc-037b-421a-a205-12d492e9361e,6.64,false,false,near_mint,ru,RUB
Plundering Barbarian,AFR,Adventures in the Forgotten Realms,158,normal,common,2,60457,d875881c-c285-47f1-8a37-e4a0239d47ec,18.26,false,false,near_mint,ru,RUB
Monk Class,AFR,Adventures in the Forgotten Realms,228,normal,rare,1,60383,b2edd708-46ee-4963-b7e6-b631616d78fe,24.9,false,false,near_mint,ru,RUB
Arcane Investigator,AFR,Adventures in the Forgotten Realms,46,normal,common,1,60464,dc457520-9947-4f65-bbe7-9b95bd2c23af,1.66,false,false,near_mint,ru,RUB
Pixie Guide,AFR,Adventures in the Forgotten Realms,66,normal,common,1,60429,c65631b9-ca62-4851-9eca-9c760fb1a177,4.98,false,false,near_mint,ru,RUB
Lightfoot Rogue,AFR,Adventures in the Forgotten Realms,111,normal,uncommon,1,60355,9f88de61-8dee-46b3-91b2-d4cdb4db36bf,13.28,false,false,near_mint,ru,RUB
Monk of the Open Hand,AFR,Adventures in the Forgotten Realms,25,normal,uncommon,1,60459,d934765f-f490-4e8d-843d-b2b559ee0418,5.81,false,false,near_mint,ru,RUB
Mind Flayer,AFR,Adventures in the Forgotten Realms,63,normal,rare,1,60419,c29ac797-a186-4224-94e1-9bb9dca4b029,21.58,false,false,near_mint,ru,RUB
Djinni Windseer,AFR,Adventures in the Forgotten Realms,306,normal,common,1,60375,ab7cd8c3-8365-4e40-a089-02bc9b93581a,2.49,false,false,near_mint,ru,RUB
Power Word Kill,AFR,Adventures in the Forgotten Realms,114,normal,uncommon,1,58970,395b6ce4-143f-4eed-b565-98aa3d6208ef,8.3,false,false,near_mint,ru,RUB
Bigfin Bouncer,FDN,Foundations,31,normal,common,1,100882,9b1d5b76-b07e-45c6-800d-4cfce085164f,2.51,false,false,near_mint,ru,RUB
Brineborn Cutthroat,FDN,Foundations,152,normal,uncommon,1,100986,acf7aafb-931f-49e5-8691-eab8cb34b05e,3.34,false,false,near_mint,ru,RUB
Cancel,FDN,Foundations,505,normal,common,1,100443,475bff39-220a-4490-9c2e-d311e306a6db,23.38,false,false,near_mint,ru,RUB
Corsair Captain,FDN,Foundations,506,normal,rare,1,101181,d5017dbc-07fd-45ea-9629-7c584144e8be,23.38,false,false,near_mint,ru,RUB
Eaten by Piranhas,FDN,Foundations,507,normal,uncommon,1,100444,475e28bb-1333-45e1-b6fd-83121c2f1ab9,35.91,false,false,near_mint,ru,RUB
Island,FDN,Foundations,274,normal,common,4,100191,17e2b637-72b1-4457-aaba-66d51107be4c,8.35,false,false,near_mint,ru,RUB
Island,FDN,Foundations,275,normal,common,3,100260,23635e40-d040-40b7-8b98-90ed362aa028,8.35,false,false,near_mint,ru,RUB
Kitesail Corsair,FDN,Foundations,510,normal,common,1,101125,c82d7c6d-523c-46c9-a189-44c0bd8386d1,20.88,false,false,near_mint,ru,RUB
Opt,FDN,Foundations,512,normal,common,1,100539,58d26b54-0093-4e90-a2b1-b57c64340f9c,8.35,false,false,near_mint,ru,RUB
Pirate's Cutlass,FDN,Foundations,563,normal,common,1,101209,d9d20aef-d35b-4353-a241-e6cfa9730975,15.03,false,false,near_mint,ru,RUB
Skyship Buccaneer,FDN,Foundations,50,normal,uncommon,1,100587,62958fc3-55dc-4b97-a070-490d6ed27820,2.51,false,false,near_mint,ru,RUB
Spectral Sailor,FDN,Foundations,164,normal,uncommon,1,100100,03a49535-c5f3-4a6f-b333-7ac7bffdc9ae,8.35,false,false,near_mint,ru,RUB
Storm Fleet Spy,FDN,Foundations,515,normal,uncommon,1,101367,f6c5206e-63db-44c0-86ab-f645cd358b3b,18.37,false,false,near_mint,ru,RUB
Tolarian Terror,FDN,Foundations,167,normal,common,1,100270,2569d4f3-55ed-4f99-9592-34c7df0aab72,5.85,false,false,near_mint,ru,RUB
Uncharted Haven,FDN,Foundations,564,normal,common,3,97170,172cd5b7-98fc-4add-b858-a0b3dfb75c19,7.82,false,false,near_mint,ru,RUB
Excavated Wall,STX,Strixhaven: School of Mages,255,normal,common,1,58411,fed54d00-b11f-4529-864c-63a114617b36,5.65,false,false,near_mint,ru,RUB
Lorehold Pledgemage,STX,Strixhaven: School of Mages,201,normal,common,1,58162,79b88b38-6b5a-4a89-80ca-add79c11e8b9,1.62,false,false,near_mint,ru,RUB
Essence Infusion,STX,Strixhaven: School of Mages,69,normal,common,1,58142,71a48d0c-1e5b-43f2-8974-e2e5bb06310d,4.04,false,false,near_mint,ru,RUB
Star Pupil,STX,Strixhaven: School of Mages,30,normal,common,1,58237,99e9318f-2e17-4b6e-895f-c17cd5d0d282,3.23,false,false,near_mint,ru,RUB
Blood Age General,STX,Strixhaven: School of Mages,93,normal,common,1,58386,f30237cc-27c8-4075-acbd-d75a16588a68,2.42,false,false,near_mint,ru,RUB
Professor of Zoomancy,STX,Strixhaven: School of Mages,140,normal,common,1,58185,8347f2e8-ef70-4879-860a-12f7cab25902,8.89,false,false,near_mint,ru,RUB
Arcane Subtraction,STX,Strixhaven: School of Mages,36,normal,common,1,58133,68cdb00c-ea86-4b72-8f62-570820edfa1b,4.85,false,false,near_mint,ru,RUB
Fractal Summoning,STX,Strixhaven: School of Mages,187,normal,common,1,58322,cc3f1f7e-eb19-49c1-a1ee-93b85ac8815c,2.42,false,false,near_mint,ru,RUB
Mascot Interception,STX,Strixhaven: School of Mages,110,normal,uncommon,1,58212,8f0ea66f-1756-4b0d-8ccc-3b3a7370b531,3.23,false,false,near_mint,ru,RUB
Master Symmetrist,STX,Strixhaven: School of Mages,138,normal,uncommon,1,58034,255cdc39-6ad8-4831-9718-6712cb17654c,3.23,false,false,near_mint,ru,RUB
Aether Helix,STX,Strixhaven: School of Mages,162,normal,uncommon,1,58171,7d1c653e-f629-4105-a52c-379c5cd78208,4.04,false,false,near_mint,ru,RUB
Exponential Growth,STX,Strixhaven: School of Mages,130,normal,rare,1,58169,7c129bb7-9489-44bd-a46d-c5f738bf9d25,30.69,false,false,near_mint,ru,RUB
Strategic Planning,STA,Strixhaven Mystical Archive,20,normal,uncommon,1,58410,fd7b2ee8-9f2f-4624-a788-15b88e6a2d50,8.08,false,false,near_mint,ru,RUB
Plumb the Forbidden,STX,Strixhaven: School of Mages,81,foil,uncommon,1,58094,5034227f-3b8a-45bf-917c-c2cbd98f2192,83.2,false,false,near_mint,ru,RUB
Elemental,TSTX,Strixhaven: School of Mages Tokens,2,normal,common,1,58065,3d0b9b88-705e-4df0-8a93-3e240b81355b,12.92,false,false,near_mint,ru,RUB
Cram Session,STX,Strixhaven: School of Mages,170,normal,common,1,58313,c59a249f-35ed-447a-845b-32ba5a53124e,3.23,false,false,near_mint,ru,RUB
Relic Sloth,STX,Strixhaven: School of Mages,223,normal,common,1,58302,c1cb483f-c567-4cfd-9fe8-1503e7b40542,1.62,false,false,near_mint,ru,RUB
Teach by Example,STX,Strixhaven: School of Mages,241,normal,common,1,58260,aa7fbb9b-50a8-4d18-a667-fe965468ca16,9.69,false,false,near_mint,ru,RUB
Witherbloom Campus,STX,Strixhaven: School of Mages,275,normal,common,1,58144,7346fb2e-754e-47de-b33d-eb089b357ee4,5.65,false,false,near_mint,ru,RUB
Arrogant Poet,STX,Strixhaven: School of Mages,63,normal,common,1,58100,556a0816-83c5-41dc-8546-213b21e2cceb,2.42,false,false,near_mint,ru,RUB
Guiding Voice,STX,Strixhaven: School of Mages,19,normal,common,1,58335,d6fb3163-12ca-4a7f-a0c7-b8ddfc9408a0,7.27,false,false,near_mint,ru,RUB
Fuming Effigy,STX,Strixhaven: School of Mages,103,normal,common,1,58170,7ce76a38-fc5f-4e29-ba24-4a877179a62c,4.04,false,false,near_mint,ru,RUB
Leyline Invocation,STX,Strixhaven: School of Mages,136,normal,common,1,58092,4edfbed0-0c0d-4aa5-bfe0-5268aff0f958,2.42,false,false,near_mint,ru,RUB
Resculpt,STX,Strixhaven: School of Mages,51,normal,common,1,58018,1bfb1fcb-a411-4c1c-b8fc-496242ae3a9b,15.35,false,false,near_mint,ru,RUB
Illuminate History,STX,Strixhaven: School of Mages,108,normal,rare,1,58233,98739789-80b5-4224-a2e4-09e00654aa9d,9.69,false,false,near_mint,ru,RUB
Snow Day,STX,Strixhaven: School of Mages,53,normal,uncommon,1,58251,a6b6f17d-45ba-4d60-a963-5eee026f2219,4.04,false,false,near_mint,ru,RUB
Professor of Symbology,STX,Strixhaven: School of Mages,24,normal,uncommon,1,58390,f427cf73-9f5e-4ef5-bc4f-29ffbfda9d57,2.42,false,false,near_mint,ru,RUB
Quandrix Apprentice,STX,Strixhaven: School of Mages,216,normal,uncommon,1,57970,0291c909-bb87-47cb-9b06-5e409e654f15,8.08,false,false,near_mint,ru,RUB
Retriever Phoenix,STX,Strixhaven: School of Mages,113,normal,rare,1,58090,4dd6cb53-3c82-4ac3-be1e-311322729198,9.69,false,false,near_mint,ru,RUB
Infuriate,STA,Strixhaven Mystical Archive,41,normal,uncommon,1,58143,71a5dfad-c8b4-46cc-9a06-73d23b269df8,10.5,false,false,near_mint,ru,RUB
Pest,TSTX,Strixhaven: School of Mages Tokens,5,normal,common,1,58326,d0ddbe3e-4a66-494d-9304-7471232549bf,20.19,false,false,near_mint,ru,RUB
Makeshift Mauler,INR,Innistrad Remastered,73,normal,common,1,102511,404c6bb8-4c64-458f-a4aa-98beb2c6a77c,0.81,false,false,near_mint,ru,RUB
Gluttonous Guest,INR,Innistrad Remastered,112,normal,common,1,102464,25e98125-6c36-4571-afc5-2d018750eb57,2.42,false,false,near_mint,ru,RUB
Alchemist's Greeting,INR,Innistrad Remastered,140,normal,common,1,102847,f36e2146-b6a9-4b61-9ccf-969a2c79b747,1.62,false,false,near_mint,ru,RUB
Festerhide Boar,INR,Innistrad Remastered,196,normal,common,1,102736,b401dba6-c26e-45c1-b10a-12116fb1cb4e,1.62,false,false,near_mint,ru,RUB
Inspiring Captain,INR,Innistrad Remastered,28,normal,common,1,102855,fb56d6ab-50bf-4407-9f30-595ef7ae9492,3.23,false,false,near_mint,ru,RUB
Wretched Gryff,INR,Innistrad Remastered,7,normal,common,1,102602,722b519a-715d-4393-9d3c-97f329896ef4,2.42,false,false,near_mint,ru,RUB
Lunarch Veteran // Luminous Phantom,INR,Innistrad Remastered,32,normal,common,1,102520,438e3302-daf9-436b-8b08-24b3f33295f6,6.46,false,false,near_mint,ru,RUB
Neglected Heirloom // Ashmouth Blade,INR,Innistrad Remastered,269,normal,uncommon,1,102614,7813cd70-bb60-4953-a35d-9876f5230c42,4.04,false,false,near_mint,ru,RUB
Bladestitched Skaab,INR,Innistrad Remastered,231,normal,uncommon,1,102724,af14d311-0fd5-4979-bc46-1421472c3b0a,6.46,false,false,near_mint,ru,RUB
Runebound Wolf,INR,Innistrad Remastered,168,normal,uncommon,1,102666,8e220cc1-e13f-48da-b59b-91a556829ea5,4.04,false,false,near_mint,ru,RUB
Stormcarved Coast,INR,Innistrad Remastered,285,normal,rare,1,102471,2a91991f-4340-45a7-ba04-0001de9581e0,218.09,false,false,near_mint,ru,RUB
Alchemist's Greeting,INR,Innistrad Remastered,393,normal,common,1,102620,79ab381f-9392-4f39-8c63-a12eb60b00a5,3.23,false,false,near_mint,ru,RUB
"Westvale Abbey // Ormendahl, Profane Prince",INR,Innistrad Remastered,287,foil,rare,1,102562,5fbc6091-a161-45b0-9932-543b569caaee,232.63,false,false,near_mint,ru,RUB
Swamp,INR,Innistrad Remastered,293,normal,common,1,102530,4bc918af-527c-46d7-861d-32e9150ed3df,33.93,false,false,near_mint,ru,RUB